Datum,Ort,Disziplin,Rang,Fahrer/in,Geschlecht,Fantasy Punkte,Weltcup Punkte,Team
2024-02-11,Soldeu,Slalom,1,Swenn Larsson Anna,W,55,100,Dominik
2024-02-11,Soldeu,Slalom,2,Ljutic Zrinka,W,48,80,Lea
2024-02-11,Soldeu,Slalom,3,Moltzan Paula,W,43,60,Sarah
2024-02-11,Soldeu,Slalom,4,Gisin Michelle,W,38,50,Simon
2024-02-11,Soldeu,Slalom,5,Rast Camille,W,35,45,Maurus
2024-02-11,Soldeu,Slalom,6,Duerr Lena,W,32,40,Sarah
2024-02-11,Soldeu,Slalom,7,Nullmeyer Ali,W,29,36,
2024-02-11,Soldeu,Slalom,8,Truppe Katharina,W,26,32,
2024-02-11,Soldeu,Slalom,9,Liensberger Katharina,W,24,29,Simon
2024-02-11,Soldeu,Slalom,10,Pogneaux Chiara,W,22,26,
2024-02-11,Soldeu,Slalom,11,Hector Sara,W,20,24,Melissa
2024-02-11,Soldeu,Slalom,12,Rossetti Marta,W,19,22,
2024-02-11,Soldeu,Slalom,12,Dvornik Neja,W,19,22,
2024-02-11,Soldeu,Slalom,14,Oehlund Cornelia,W,17,18,
2024-02-11,Soldeu,Slalom,14,Good Nicole,W,17,18,
2024-02-11,Soldeu,Slalom,16,Huber Katharina,W,15,15,Melissa
2024-02-11,Soldeu,Slalom,17,Aronsson Elfman Hanna,W,14,14,
2024-02-11,Soldeu,Slalom,18,Tschurtschenthaler Vera,W,13,13,
2024-02-11,Soldeu,Slalom,19,St-Germain Laurence,W,12,12,
2024-02-11,Soldeu,Slalom,20,Holtmann Mina Fuerst,W,11,11,Lena
2024-02-11,Soldeu,Slalom,21,Chevrier Marion,W,10,10,
2024-02-11,Soldeu,Slalom,22,Meillard Melanie,W,9,9,Maurus
2024-02-11,Soldeu,Slalom,23,Colturi Lara,W,8,8,
2024-02-11,Soldeu,Slalom,24,Slokar Andreja,W,7,7,
2024-02-11,Soldeu,Slalom,25,Popovic Leona,W,6,6,Sarah
2024-02-11,Soldeu,Slalom,26,Hilzinger Jessica,W,5,5,
2024-02-11,Soldeu,Slalom,27,Peterlini Martina,W,4,4,
2024-02-10,Bansko,Giant Slalom,1,Odermatt Marco,M,55,100,Lea
2024-02-10,Soldeu,Giant Slalom,1,Gut-Behrami Lara,W,55,100,Melissa
2024-02-10,Bansko,Giant Slalom,2,Steen Olsen Alexander,M,48,80,Lea
2024-02-10,Soldeu,Giant Slalom,2,Robinson Alice,W,48,80,Melissa
2024-02-10,Bansko,Giant Slalom,3,Feller Manuel,M,43,60,Simon
2024-02-10,Soldeu,Giant Slalom,3,Hurt A J,W,43,60,
2024-02-10,Bansko,Giant Slalom,4,Brennsteiner Stefan,M,38,50,
2024-02-10,Soldeu,Giant Slalom,4,Brignone Federica,W,38,50,Simon
2024-02-10,Bansko,Giant Slalom,5,Kranjec Zan,M,35,45,Dominik
2024-02-10,Soldeu,Giant Slalom,5,Stjernesund Thea Louise,W,35,45,Maurus
2024-02-10,Bansko,Giant Slalom,6,Kristoffersen Henrik,M,32,40,Dominik
2024-02-10,Soldeu,Giant Slalom,6,Bassino Marta,W,32,40,Lea
2024-02-10,Bansko,Giant Slalom,7,Meillard Loic,M,29,36,Maurus
2024-02-10,Soldeu,Giant Slalom,7,Holtmann Mina Fuerst,W,29,36,Lena
2024-02-10,Bansko,Giant Slalom,8,Tumler Thomas,M,26,32,
2024-02-10,Soldeu,Giant Slalom,8,Haaser Ricarda,W,26,32,
2024-02-10,Bansko,Giant Slalom,9,Zubcic Filip,M,24,29,Maurus
2024-02-10,Soldeu,Giant Slalom,9,Hector Sara,W,24,29,Melissa
2024-02-10,Bansko,Giant Slalom,10,Della Vite Filippo,M,22,26,
2024-02-10,Soldeu,Giant Slalom,10,Ljutic Zrinka,W,22,26,Lea
2024-02-10,Bansko,Giant Slalom,11,Windingstad Rasmus,M,20,24,
2024-02-10,Soldeu,Giant Slalom,11,Moltzan Paula,W,20,24,Sarah
2024-02-10,Bansko,Giant Slalom,12,Radamus River,M,19,22,Maurus
2024-02-10,Soldeu,Giant Slalom,12,Mowinckel Ragnhild,W,19,22,Sarah
2024-02-10,Bansko,Giant Slalom,13,Caviezel Gino,M,18,20,Sarah
2024-02-10,Soldeu,Giant Slalom,13,Scheib Julia,W,18,20,
2024-02-10,Bansko,Giant Slalom,14,Haugan Timon,M,17,18,Sarah
2024-02-10,Soldeu,Giant Slalom,14,Richardson Britt,W,17,18,
2024-02-10,Bansko,Giant Slalom,15,Anguenot Leo,M,16,16,
2024-02-10,Soldeu,Giant Slalom,15,Rast Camille,W,16,16,Maurus
2024-02-10,Bansko,Giant Slalom,16,Schmid Alexander,M,15,15,
2024-02-10,Soldeu,Giant Slalom,16,Platino Elisa,W,15,15,
2024-02-10,Bansko,Giant Slalom,17,Borsotti Giovanni,M,14,14,
2024-02-10,Soldeu,Giant Slalom,17,Dvornik Neja,W,14,14,
2024-02-10,Bansko,Giant Slalom,18,Janutin Fadri,M,13,13,
2024-02-10,Soldeu,Giant Slalom,18,Gasienica-Daniel Maryna,W,13,13,
2024-02-10,Bansko,Giant Slalom,19,Favrot Thibaut,M,12,12,
2024-02-10,Soldeu,Giant Slalom,19,Luczak Magdalena,W,12,12,
2024-02-10,Bansko,Giant Slalom,20,Haaser Raphael,M,11,11,Melissa
2024-02-10,Soldeu,Giant Slalom,20,Lie Kajsa Vickhoff,W,11,11,Lea
2024-02-10,Bansko,Giant Slalom,21,Feurstein Patrick,M,10,10,
2024-02-10,Soldeu,Giant Slalom,21,Bucik Ana,W,10,10,
2024-02-10,Bansko,Giant Slalom,22,Murisier Justin,M,9,9,Sarah
2024-02-10,Soldeu,Giant Slalom,22,Alphand Estelle,W,9,9,
2024-02-10,Bansko,Giant Slalom,23,De Aliprandini Luca,M,8,8,
2024-02-10,Soldeu,Giant Slalom,23,Brunner Stephanie,W,8,8,
2024-02-10,Bansko,Giant Slalom,24,Zampa Andreas,M,7,7,
2024-02-10,Soldeu,Giant Slalom,24,Liensberger Katharina,W,7,7,Simon
2024-02-10,Bansko,Giant Slalom,25,Simonet Livio,M,6,6,
2024-02-10,Soldeu,Giant Slalom,25,Lysdahl Kristin,W,6,6,
2024-02-10,Bansko,Giant Slalom,26,Ford Tommy,M,5,5,
2024-02-10,Soldeu,Giant Slalom,26,Wild Simone,W,5,5,
2024-02-10,Bansko,Giant Slalom,27,Vinatzer Alex,M,4,4,
2024-02-10,Soldeu,Giant Slalom,27,Gritsch Franziska,W,4,4,
2024-02-10,Bansko,Giant Slalom,28,Steffey George,M,3,3,
2024-02-10,Soldeu,Giant Slalom,28,Gray Cassidy,W,3,3,
2024-02-04,Chamonix,Slalom,1,Yule Daniel,M,55,100,Melissa
2024-02-04,Chamonix,Slalom,2,Meillard Loic,M,48,80,Maurus
2024-02-04,Chamonix,Slalom,3,Noel Clement,M,43,60,Simon
2024-02-04,Chamonix,Slalom,4,Feller Manuel,M,38,50,Simon
2024-02-04,Chamonix,Slalom,5,Raschner Dominik,M,35,45,
2024-02-04,Chamonix,Slalom,5,Kristoffersen Henrik,M,35,45,Dominik
2024-02-04,Chamonix,Slalom,7,Kolega Samuel,M,29,36,
2024-02-04,Chamonix,Slalom,8,Haugan Timon,M,26,32,Sarah
2024-02-04,Chamonix,Slalom,9,Amiez Steven,M,24,29,
2024-02-04,Chamonix,Slalom,10,Vinatzer Alex,M,22,26,
2024-02-04,Chamonix,Slalom,11,Ryding Dave,M,20,24,Lena
2024-02-04,Chamonix,Slalom,12,Ginnis Aj,M,19,22,
2024-02-04,Chamonix,Slalom,13,Gstrein Fabio,M,18,20,
2024-02-04,Chamonix,Slalom,14,Strolz Johannes,M,17,18,
2024-02-04,Chamonix,Slalom,14,Strasser Linus,M,17,18,Sarah
2024-02-04,Chamonix,Slalom,16,Steen Olsen Alexander,M,15,15,Lea
2024-02-04,Chamonix,Slalom,17,Zenhaeusern Ramon,M,14,14,
2024-02-04,Chamonix,Slalom,18,Rochat Marc,M,13,13,
2024-02-04,Chamonix,Slalom,19,Matt Michael,M,12,12,
2024-02-04,Chamonix,Slalom,19,Jakobsen Kristoffer,M,12,12,
2024-02-04,Chamonix,Slalom,21,Gross Stefano,M,10,10,
2024-02-04,Chamonix,Slalom,22,Aerni Luca,M,9,9,
2024-02-04,Chamonix,Slalom,23,Zubcic Filip,M,8,8,Maurus
2024-02-04,Chamonix,Slalom,24,Nef Tanguy,M,7,7,
2024-02-04,Chamonix,Slalom,25,Sturm Joshua,M,6,6,
2024-02-04,Chamonix,Slalom,26,Popov Albert,M,5,5,
2024-02-04,Chamonix,Slalom,26,Sala Tommaso,M,5,5,
2024-02-04,Chamonix,Slalom,28,Seymour Jett,M,3,3,
2024-02-04,Chamonix,Slalom,29,Pertl Adrian,M,2,2,
2024-02-04,Chamonix,Slalom,30,Mcgrath Atle Lie,M,1,1,Lea
2024-01-30,Kronplatz,Giant Slalom,1,Gut-Behrami Lara,W,55,100,Melissa
2024-01-30,Kronplatz,Giant Slalom,2,Robinson Alice,W,48,80,Melissa
2024-01-30,Kronplatz,Giant Slalom,2,Hector Sara,W,48,80,Melissa
2024-01-30,Kronplatz,Giant Slalom,4,Mowinckel Ragnhild,W,38,50,Sarah
2024-01-30,Kronplatz,Giant Slalom,5,Goggia Sofia,W,35,45,Dominik
2024-01-30,Kronplatz,Giant Slalom,6,Brignone Federica,W,32,40,Simon
2024-01-30,Kronplatz,Giant Slalom,7,Ljutic Zrinka,W,29,36,Lea
2024-01-30,Kronplatz,Giant Slalom,8,Rast Camille,W,26,32,Maurus
2024-01-30,Kronplatz,Giant Slalom,9,Scheib Julia,W,24,29,
2024-01-30,Kronplatz,Giant Slalom,10,Bassino Marta,W,22,26,Lea
2024-01-30,Kronplatz,Giant Slalom,11,Moltzan Paula,W,20,24,Sarah
2024-01-30,Kronplatz,Giant Slalom,12,Colturi Lara,W,19,22,
2024-01-30,Kronplatz,Giant Slalom,13,Haaser Ricarda,W,18,20,
2024-01-30,Kronplatz,Giant Slalom,14,Melesi Roberta,W,17,18,
2024-01-30,Kronplatz,Giant Slalom,15,Bucik Ana,W,16,16,
2024-01-30,Kronplatz,Giant Slalom,16,Zenere Asja,W,15,15,
2024-01-30,Kronplatz,Giant Slalom,17,Kappaurer Elisabeth,W,14,14,
2024-01-30,Kronplatz,Giant Slalom,18,Richardson Britt,W,13,13,
2024-01-30,Kronplatz,Giant Slalom,19,Brunner Stephanie,W,12,12,
2024-01-30,Kronplatz,Giant Slalom,20,Wild Simone,W,11,11,
2024-01-30,Kronplatz,Giant Slalom,21,Stjernesund Thea Louise,W,10,10,Maurus
2024-01-30,Kronplatz,Giant Slalom,22,Direz Clara,W,9,9,
2024-01-30,Kronplatz,Giant Slalom,23,Lie Kajsa Vickhoff,W,8,8,Lea
2024-01-30,Kronplatz,Giant Slalom,24,Gasienica-Daniel Maryna,W,7,7,
2024-01-30,Kronplatz,Giant Slalom,25,Liensberger Katharina,W,6,6,Simon
2024-01-30,Kronplatz,Giant Slalom,26,Platino Elisa,W,5,5,
2024-01-30,Kronplatz,Giant Slalom,27,Hurt A J,W,4,4,
2024-01-28,Cortina d'Ampezzo,Super G,1,Gut-Behrami Lara,W,55,100,Melissa
2024-01-28,Garmisch-Partenkirchen,Super G,1,Odermatt Marco,M,55,100,Lea
2024-01-28,Cortina d'Ampezzo,Super G,2,Venier Stephanie,W,48,80,Simon
2024-01-28,Garmisch-Partenkirchen,Super G,2,Haaser Raphael,M,48,80,Melissa
2024-01-28,Cortina d'Ampezzo,Super G,3,Miradoli Romane,W,43,60,
2024-01-28,Garmisch-Partenkirchen,Super G,3,Von Allmen Franjo,M,43,60,
2024-01-28,Cortina d'Ampezzo,Super G,4,Mowinckel Ragnhild,W,38,50,Sarah
2024-01-28,Garmisch-Partenkirchen,Super G,4,Kriechmayr Vincent,M,38,50,Melissa
2024-01-28,Cortina d'Ampezzo,Super G,5,Goggia Sofia,W,35,45,Dominik
2024-01-28,Garmisch-Partenkirchen,Super G,5,Crawford James,M,35,45,Melissa
2024-01-28,Cortina d'Ampezzo,Super G,6,Bassino Marta,W,32,40,Lea
2024-01-28,Garmisch-Partenkirchen,Super G,6,Sejersted Adrian Smiseth,M,32,40,
2024-01-28,Cortina d'Ampezzo,Super G,7,Puchner Mirjam,W,29,36,Dominik
2024-01-28,Garmisch-Partenkirchen,Super G,7,Boisset Arnaud,M,29,36,
2024-01-28,Cortina d'Ampezzo,Super G,8,Robinson Alice,W,26,32,Melissa
2024-01-28,Garmisch-Partenkirchen,Super G,8,Radamus River,M,26,32,Maurus
2024-01-28,Garmisch-Partenkirchen,Super G,8,Babinsky Stefan,M,26,32,Simon
2024-01-28,Cortina d'Ampezzo,Super G,9,Brignone Federica,W,24,29,Simon
2024-01-28,Cortina d'Ampezzo,Super G,10,Weidle Kira,W,22,26,
2024-01-28,Garmisch-Partenkirchen,Super G,10,Cochran-Siegle Ryan,M,22,26,
2024-01-28,Cortina d'Ampezzo,Super G,11,Gauche Laura,W,20,24,
2024-01-28,Garmisch-Partenkirchen,Super G,11,Casse Mattia,M,20,24,Maurus
2024-01-28,Cortina d'Ampezzo,Super G,12,Pirovano Laura,W,19,22,Lea
2024-01-28,Garmisch-Partenkirchen,Super G,12,Rogentin Stefan,M,19,22,Lena
2024-01-28,Cortina d'Ampezzo,Super G,13,Flury Jasmine,W,18,20,Dominik
2024-01-28,Garmisch-Partenkirchen,Super G,13,Murisier Justin,M,18,20,Sarah
2024-01-28,Cortina d'Ampezzo,Super G,14,Muzaferija Elvedina,W,17,18,
2024-01-28,Garmisch-Partenkirchen,Super G,14,Allegre Nils,M,17,18,Simon
2024-01-28,Cortina d'Ampezzo,Super G,15,Macuga Lauren,W,16,16,
2024-01-28,Garmisch-Partenkirchen,Super G,15,Read Jeffrey,M,16,16,
2024-01-28,Cortina d'Ampezzo,Super G,16,Kolly Noemie,W,15,15,
2024-01-28,Garmisch-Partenkirchen,Super G,16,Paris Dominik,M,15,15,Dominik
2024-01-28,Cortina d'Ampezzo,Super G,17,Haaser Ricarda,W,14,14,
2024-01-28,Garmisch-Partenkirchen,Super G,17,Danklmaier Daniel,M,14,14,
2024-01-28,Cortina d'Ampezzo,Super G,18,Bernardi Vicky,W,13,13,
2024-01-28,Garmisch-Partenkirchen,Super G,18,Bosca Guglielmo,M,13,13,
2024-01-28,Cortina d'Ampezzo,Super G,19,Suter Jasmina,W,12,12,
2024-01-28,Garmisch-Partenkirchen,Super G,19,Meillard Loic,M,12,12,Maurus
2024-01-28,Cortina d'Ampezzo,Super G,20,Delago Nicol,W,11,11,
2024-01-28,Garmisch-Partenkirchen,Super G,20,Krenn Christoph,M,11,11,
2024-01-28,Cortina d'Ampezzo,Super G,21,Cerutti Camille,W,10,10,
2024-01-28,Garmisch-Partenkirchen,Super G,21,Caviezel Gino,M,10,10,Sarah
2024-01-28,Cortina d'Ampezzo,Super G,22,Ager Christina,W,9,9,
2024-01-28,Garmisch-Partenkirchen,Super G,22,Borsotti Giovanni,M,9,9,
2024-01-28,Cortina d'Ampezzo,Super G,23,Nufer Priska,W,8,8,
2024-01-28,Garmisch-Partenkirchen,Super G,23,Morse Sam,M,8,8,
2024-01-28,Cortina d'Ampezzo,Super G,24,Clement Karen,W,7,7,
2024-01-28,Garmisch-Partenkirchen,Super G,24,Alexander Cameron,M,7,7,Lena
2024-01-28,Cortina d'Ampezzo,Super G,25,Durrer Delia,W,6,6,
2024-01-28,Garmisch-Partenkirchen,Super G,25,Innerhofer Christof,M,6,6,
2024-01-28,Cortina d'Ampezzo,Super G,26,Hoernblad Lisa,W,5,5,
2024-01-28,Garmisch-Partenkirchen,Super G,26,Franzoni Giovanni,M,5,5,
2024-01-28,Cortina d'Ampezzo,Super G,27,Scheyer Christine,W,4,4,
2024-01-28,Garmisch-Partenkirchen,Super G,27,Loriot Florian,M,4,4,
2024-01-28,Cortina d'Ampezzo,Super G,28,Delago Nadia,W,3,3,
2024-01-28,Garmisch-Partenkirchen,Super G,28,Goldberg Jared,M,3,3,
2024-01-28,Cortina d'Ampezzo,Super G,29,Gray Cassidy,W,2,2,
2024-01-28,Garmisch-Partenkirchen,Super G,29,Bennett Bryce,M,2,2,
2024-01-28,Cortina d'Ampezzo,Super G,30,Fest Nadine,W,1,1,
2024-01-28,Garmisch-Partenkirchen,Super G,30,Alexander Kyle,M,1,1,
2024-01-27,Cortina d'Ampezzo,Downhill,1,Mowinckel Ragnhild,W,55,100,Sarah
2024-01-27,Garmisch-Partenkirchen,Super G,1,Allegre Nils,M,55,100,Simon
2024-01-27,Cortina d'Ampezzo,Downhill,2,Wiles Jacqueline,W,48,80,
2024-01-27,Garmisch-Partenkirchen,Super G,2,Bosca Guglielmo,M,48,80,
2024-01-27,Cortina d'Ampezzo,Downhill,3,Goggia Sofia,W,43,60,Dominik
2024-01-27,Garmisch-Partenkirchen,Super G,3,Meillard Loic,M,43,60,Maurus
2024-01-27,Cortina d'Ampezzo,Downhill,4,Gauche Laura,W,38,50,
2024-01-27,Garmisch-Partenkirchen,Super G,4,Odermatt Marco,M,38,50,Lea
2024-01-27,Cortina d'Ampezzo,Downhill,5,Venier Stephanie,W,35,45,Simon
2024-01-27,Cortina d'Ampezzo,Downhill,5,Gut-Behrami Lara,W,35,45,Melissa
2024-01-27,Garmisch-Partenkirchen,Super G,5,Kriechmayr Vincent,M,35,45,Melissa
2024-01-27,Garmisch-Partenkirchen,Super G,6,Sejersted Adrian Smiseth,M,32,40,
2024-01-27,Cortina d'Ampezzo,Downhill,7,Huetter Cornelia,W,29,36,Lena
2024-01-27,Garmisch-Partenkirchen,Super G,7,Rogentin Stefan,M,29,36,Lena
2024-01-27,Cortina d'Ampezzo,Downhill,8,Lie Kajsa Vickhoff,W,26,32,Lea
2024-01-27,Garmisch-Partenkirchen,Super G,8,Paris Dominik,M,26,32,Dominik
2024-01-27,Cortina d'Ampezzo,Downhill,9,Bassino Marta,W,24,29,Lea
2024-01-27,Garmisch-Partenkirchen,Super G,9,Von Allmen Franjo,M,24,29,
2024-01-27,Cortina d'Ampezzo,Downhill,10,Miradoli Romane,W,22,26,
2024-01-27,Garmisch-Partenkirchen,Super G,10,Cochran-Siegle Ryan,M,22,26,
2024-01-27,Cortina d'Ampezzo,Downhill,11,Flury Jasmine,W,20,24,Dominik
2024-01-27,Garmisch-Partenkirchen,Super G,11,Sarrazin Cyprien,M,20,24,Lea
2024-01-27,Cortina d'Ampezzo,Downhill,12,Brignone Federica,W,19,22,Simon
2024-01-27,Garmisch-Partenkirchen,Super G,12,Boisset Arnaud,M,19,22,
2024-01-27,Cortina d'Ampezzo,Downhill,13,Puchner Mirjam,W,18,20,Dominik
2024-01-27,Garmisch-Partenkirchen,Super G,13,Caviezel Gino,M,18,20,Sarah
2024-01-27,Cortina d'Ampezzo,Downhill,14,Pirovano Laura,W,17,18,
2024-01-27,Garmisch-Partenkirchen,Super G,14,Murisier Justin,M,17,18,Sarah
2024-01-27,Cortina d'Ampezzo,Downhill,15,Nufer Priska,W,16,16,
2024-01-27,Garmisch-Partenkirchen,Super G,15,Haaser Raphael,M,16,16,Melissa
2024-01-27,Cortina d'Ampezzo,Downhill,16,Raedler Ariane,W,15,15,Dominik
2024-01-27,Garmisch-Partenkirchen,Super G,16,Casse Mattia,M,15,15,Maurus
2024-01-27,Cortina d'Ampezzo,Downhill,17,Ager Christina,W,14,14,
2024-01-27,Garmisch-Partenkirchen,Super G,17,Radamus River,M,14,14,Maurus
2024-01-27,Cortina d'Ampezzo,Downhill,18,Delago Nicol,W,13,13,
2024-01-27,Garmisch-Partenkirchen,Super G,18,Jocher Simon,M,13,13,
2024-01-27,Cortina d'Ampezzo,Downhill,19,Stuhec Ilka,W,12,12,Lena
2024-01-27,Garmisch-Partenkirchen,Super G,19,Feurstein Lukas,M,12,12,
2024-01-27,Cortina d'Ampezzo,Downhill,20,Runggaldier Teresa,W,11,11,
2024-01-27,Garmisch-Partenkirchen,Super G,20,Read Jeffrey,M,11,11,
2024-01-27,Cortina d'Ampezzo,Downhill,21,Durrer Delia,W,10,10,
2024-01-27,Garmisch-Partenkirchen,Super G,21,Striedinger Otmar,M,10,10,
2024-01-27,Cortina d'Ampezzo,Downhill,22,Delago Nadia,W,9,9,
2024-01-27,Garmisch-Partenkirchen,Super G,22,Baumann Romed,M,9,9,
2024-01-27,Cortina d'Ampezzo,Downhill,23,Macuga Lauren,W,8,8,
2024-01-27,Garmisch-Partenkirchen,Super G,23,Alexander Cameron,M,8,8,Lena
2024-01-27,Cortina d'Ampezzo,Downhill,24,Cashman Keely,W,7,7,
2024-01-27,Garmisch-Partenkirchen,Super G,24,Ploier Andreas,M,7,7,
2024-01-27,Cortina d'Ampezzo,Downhill,25,Clement Karen,W,6,6,
2024-01-27,Cortina d'Ampezzo,Downhill,25,Muzaferija Elvedina,W,6,6,
2024-01-27,Garmisch-Partenkirchen,Super G,25,Crawford James,M,6,6,Melissa
2024-01-27,Garmisch-Partenkirchen,Super G,26,Maple Wiley,M,5,5,
2024-01-27,Cortina d'Ampezzo,Downhill,27,Suter Jasmina,W,4,4,
2024-01-27,Garmisch-Partenkirchen,Super G,27,Seger Riley,M,4,4,
2024-01-27,Cortina d'Ampezzo,Downhill,28,Jenal Stephanie,W,3,3,
2024-01-27,Garmisch-Partenkirchen,Super G,28,Seger Brodie,M,3,3,
2024-01-27,Cortina d'Ampezzo,Downhill,29,Fest Nadine,W,2,2,
2024-01-27,Garmisch-Partenkirchen,Super G,29,Innerhofer Christof,M,2,2,
2024-01-27,Cortina d'Ampezzo,Downhill,30,Wechner Lena,W,1,1,
2024-01-27,Garmisch-Partenkirchen,Super G,30,Hintermann Niels,M,1,1,Lena
2024-01-26,Cortina d'Ampezzo,Downhill,1,Venier Stephanie,W,55,100,Simon
2024-01-26,Cortina d'Ampezzo,Downhill,2,Gut-Behrami Lara,W,48,80,Melissa
2024-01-26,Cortina d'Ampezzo,Downhill,3,Grenier Valerie,W,43,60,Maurus
2024-01-26,Cortina d'Ampezzo,Downhill,3,Ager Christina,W,43,60,
2024-01-26,Cortina d'Ampezzo,Downhill,3,Goggia Sofia,W,43,60,Dominik
2024-01-26,Cortina d'Ampezzo,Downhill,6,Pirovano Laura,W,32,40,
2024-01-26,Cortina d'Ampezzo,Downhill,7,Lie Kajsa Vickhoff,W,29,36,Lea
2024-01-26,Cortina d'Ampezzo,Downhill,8,Huetter Cornelia,W,26,32,Lena
2024-01-26,Cortina d'Ampezzo,Downhill,9,Puchner Mirjam,W,24,29,Dominik
2024-01-26,Cortina d'Ampezzo,Downhill,10,Haehlen Joana,W,22,26,Lea
2024-01-26,Cortina d'Ampezzo,Downhill,11,Bassino Marta,W,20,24,Lea
2024-01-26,Cortina d'Ampezzo,Downhill,12,Flury Jasmine,W,19,22,Dominik
2024-01-26,Cortina d'Ampezzo,Downhill,13,Wiles Jacqueline,W,18,20,
2024-01-26,Cortina d'Ampezzo,Downhill,14,Gauche Laura,W,17,18,
2024-01-26,Cortina d'Ampezzo,Downhill,15,Mowinckel Ragnhild,W,16,16,Sarah
2024-01-26,Cortina d'Ampezzo,Downhill,16,Macuga Lauren,W,15,15,
2024-01-26,Cortina d'Ampezzo,Downhill,16,Weidle Kira,W,15,15,
2024-01-26,Cortina d'Ampezzo,Downhill,18,Wright Isabella,W,13,13,
2024-01-26,Cortina d'Ampezzo,Downhill,19,Delago Nicol,W,12,12,
2024-01-26,Cortina d'Ampezzo,Downhill,20,Raedler Ariane,W,11,11,
2024-01-26,Cortina d'Ampezzo,Downhill,21,Stuhec Ilka,W,10,10,Lena
2024-01-26,Cortina d'Ampezzo,Downhill,22,Scheyer Christine,W,9,9,
2024-01-26,Cortina d'Ampezzo,Downhill,23,Delago Nadia,W,8,8,
2024-01-26,Cortina d'Ampezzo,Downhill,24,Melesi Roberta,W,7,7,
2024-01-26,Cortina d'Ampezzo,Downhill,25,Haaser Ricarda,W,6,6,
2024-01-26,Cortina d'Ampezzo,Downhill,26,Runggaldier Teresa,W,5,5,
2024-01-26,Cortina d'Ampezzo,Downhill,27,Cashman Keely,W,4,4,
2024-01-26,Cortina d'Ampezzo,Downhill,28,Mangan Tricia,W,3,3,
2024-01-26,Cortina d'Ampezzo,Downhill,29,Durrer Delia,W,2,2,
2024-01-26,Cortina d'Ampezzo,Downhill,30,Niederwieser Michelle,W,1,1,
2024-01-24,Schladming,Slalom,1,Strasser Linus,M,55,100,
2024-01-24,Schladming,Slalom,2,Haugan Timon,M,48,80,Sarah
2024-01-24,Schladming,Slalom,3,Noel Clement,M,43,60,Simon
2024-01-24,Schladming,Slalom,4,Rochat Marc,M,38,50,
2024-01-24,Schladming,Slalom,5,Feller Manuel,M,35,45,Simon
2024-01-24,Schladming,Slalom,6,Kristoffersen Henrik,M,32,40,Dominik
2024-01-24,Schladming,Slalom,7,Jakobsen Kristoffer,M,29,36,
2024-01-24,Schladming,Slalom,8,Yule Daniel,M,26,32,Melissa
2024-01-24,Schladming,Slalom,9,Sala Tommaso,M,24,29,
2024-01-24,Schladming,Slalom,10,Gstrein Fabio,M,22,26,
2024-01-24,Schladming,Slalom,11,Steen Olsen Alexander,M,20,24,Lea
2024-01-24,Schladming,Slalom,12,Popov Albert,M,19,22,
2024-01-24,Schladming,Slalom,13,Ginnis Aj,M,18,20,
2024-01-24,Schladming,Slalom,14,Ryding Dave,M,17,18,Lena
2024-01-24,Schladming,Slalom,15,Aerni Luca,M,16,16,
2024-01-24,Schladming,Slalom,16,Meillard Loic,M,15,15,Maurus
2024-01-24,Schladming,Slalom,17,Strolz Johannes,M,14,14,
2024-01-24,Schladming,Slalom,18,Amiez Steven,M,13,13,
2024-01-24,Schladming,Slalom,19,Holzmann Sebastian,M,12,12,
2024-01-24,Schladming,Slalom,20,Maes Sam,M,11,11,
2024-01-24,Schladming,Slalom,21,Foss-Solevaag Sebastian,M,10,10,
2024-01-24,Schladming,Slalom,22,Pertl Adrian,M,9,9,
2024-01-24,Schladming,Slalom,23,Kolega Samuel,M,8,8,
2024-01-23,Schladming,Giant Slalom,1,Odermatt Marco,M,55,100,Lea
2024-01-23,Schladming,Giant Slalom,2,Feller Manuel,M,48,80,Simon
2024-01-23,Schladming,Giant Slalom,3,Kranjec Zan,M,43,60,Dominik
2024-01-23,Schladming,Giant Slalom,4,Steen Olsen Alexander,M,38,50,Lea
2024-01-23,Schladming,Giant Slalom,5,Meillard Loic,M,35,45,Maurus
2024-01-23,Schladming,Giant Slalom,5,Zubcic Filip,M,35,45,Maurus
2024-01-23,Schladming,Giant Slalom,7,Verdu Joan,M,29,36,
2024-01-23,Schladming,Giant Slalom,8,Della Vite Filippo,M,26,32,
2024-01-23,Schladming,Giant Slalom,9,Kristoffersen Henrik,M,24,29,Dominik
2024-01-23,Schladming,Giant Slalom,10,Haugan Timon,M,22,26,Sarah
2024-01-23,Schladming,Giant Slalom,11,Schmid Alexander,M,20,24,
2024-01-23,Schladming,Giant Slalom,12,Favrot Thibaut,M,19,22,
2024-01-23,Schladming,Giant Slalom,13,Zingerle Hannes,M,18,20,
2024-01-23,Schladming,Giant Slalom,14,Haaser Raphael,M,17,18,Melissa
2024-01-23,Schladming,Giant Slalom,15,Brennsteiner Stefan,M,16,16,
2024-01-23,Schladming,Giant Slalom,16,Mcgrath Atle Lie,M,15,15,Lea
2024-01-23,Schladming,Giant Slalom,17,Tumler Thomas,M,14,14,
2024-01-23,Schladming,Giant Slalom,18,Vinatzer Alex,M,13,13,
2024-01-23,Schladming,Giant Slalom,19,De Aliprandini Luca,M,12,12,
2024-01-23,Schladming,Giant Slalom,20,Kato Seigo,M,11,11,
2024-01-23,Schladming,Giant Slalom,21,Anguenot Leo,M,10,10,
2024-01-23,Schladming,Giant Slalom,22,Maes Sam,M,9,9,
2024-01-23,Schladming,Giant Slalom,23,Radamus River,M,8,8,Maurus
2024-01-23,Schladming,Giant Slalom,24,Zurbruegg Sandro,M,7,7,
2024-01-23,Schladming,Giant Slalom,25,Borgnaes Christian,M,6,6,
2024-01-23,Schladming,Giant Slalom,26,Ford Tommy,M,5,5,
2024-01-23,Schladming,Giant Slalom,27,Ortega Albert,M,4,4,
2024-01-23,Schladming,Giant Slalom,28,Read Erik,M,3,3,
2024-01-21,Kitzbuehel,Slalom,1,Strasser Linus,M,55,100,
2024-01-21,Jasna,Slalom,1,Shiffrin Mikaela,W,55,100,Lena
2024-01-21,Kitzbuehel,Slalom,2,Jakobsen Kristoffer,M,48,80,
2024-01-21,Jasna,Slalom,2,Ljutic Zrinka,W,48,80,Lea
2024-01-21,Kitzbuehel,Slalom,3,Yule Daniel,M,43,60,Melissa
2024-01-21,Jasna,Slalom,3,Swenn Larsson Anna,W,43,60,
2024-01-21,Kitzbuehel,Slalom,4,Feller Manuel,M,38,50,Simon
2024-01-21,Jasna,Slalom,4,Rast Camille,W,38,50,Maurus
2024-01-21,Kitzbuehel,Slalom,5,Ryding Dave,M,35,45,Lena
2024-01-21,Jasna,Slalom,5,Meillard Melanie,W,35,45,
2024-01-21,Kitzbuehel,Slalom,6,Amiez Steven,M,32,40,
2024-01-21,Jasna,Slalom,6,Gisin Michelle,W,32,40,Maurus
2024-01-21,Kitzbuehel,Slalom,7,Raschner Dominik,M,29,36,
2024-01-21,Jasna,Slalom,7,Duerr Lena,W,29,36,Sarah
2024-01-21,Kitzbuehel,Slalom,8,Meillard Loic,M,26,32,Maurus
2024-01-21,Jasna,Slalom,8,Germane Dzenifera,W,26,32,
2024-01-21,Kitzbuehel,Slalom,9,Sala Tommaso,M,24,29,
2024-01-21,Jasna,Slalom,9,Hector Sara,W,24,29,Melissa
2024-01-21,Kitzbuehel,Slalom,10,Rochat Marc,M,22,26,
2024-01-21,Jasna,Slalom,10,Dvornik Neja,W,22,26,
2024-01-21,Kitzbuehel,Slalom,11,Rodes Istok,M,20,24,
2024-01-21,Jasna,Slalom,11,Huber Katharina,W,20,24,Melissa
2024-01-21,Kitzbuehel,Slalom,12,Rassat Paco,M,19,22,
2024-01-21,Jasna,Slalom,12,Peterlini Martina,W,19,22,
2024-01-21,Kitzbuehel,Slalom,13,Major Billy,M,18,20,
2024-01-21,Jasna,Slalom,13,Bucik Ana,W,18,20,
2024-01-21,Kitzbuehel,Slalom,14,Ginnis Aj,M,17,18,
2024-01-21,Jasna,Slalom,14,Pogneaux Chiara,W,17,18,
2024-01-21,Jasna,Slalom,14,Dubovska Martina,W,17,18,
2024-01-21,Kitzbuehel,Slalom,15,Strolz Johannes,M,16,16,
2024-01-21,Kitzbuehel,Slalom,16,Pertl Adrian,M,15,15,
2024-01-21,Kitzbuehel,Slalom,16,Vinatzer Alex,M,15,15,
2024-01-21,Jasna,Slalom,16,Truppe Katharina,W,15,15,
2024-01-21,Jasna,Slalom,17,Lamure Marie,W,14,14,
2024-01-21,Kitzbuehel,Slalom,18,Solberg Eirik Hystad,M,13,13,
2024-01-21,Jasna,Slalom,18,Moltzan Paula,W,13,13,Sarah
2024-01-21,Kitzbuehel,Slalom,19,Taylor Laurie,M,12,12,
2024-01-21,Jasna,Slalom,19,Aronsson Elfman Hanna,W,12,12,
2024-01-21,Kitzbuehel,Slalom,20,Ax Swartz Fabian,M,11,11,
2024-01-21,Jasna,Slalom,20,Stoffel Elena,W,11,11,
2024-01-21,Kitzbuehel,Slalom,21,Kristoffersen Henrik,M,10,10,Dominik
2024-01-21,Jasna,Slalom,21,Hoerhager Lisa,W,10,10,
2024-01-21,Kitzbuehel,Slalom,22,Holzmann Sebastian,M,9,9,
2024-01-21,Jasna,Slalom,22,Aicher Emma,W,9,9,Simon
2024-01-21,Jasna,Slalom,22,St-Germain Laurence,W,9,9,
2024-01-21,Kitzbuehel,Slalom,23,Tremmel Anton,M,8,8,
2024-01-21,Kitzbuehel,Slalom,24,Del Campo Juan,M,7,7,
2024-01-21,Jasna,Slalom,24,Liensberger Katharina,W,7,7,Simon
2024-01-21,Kitzbuehel,Slalom,25,Braekken Theodor,M,6,6,
2024-01-21,Jasna,Slalom,25,Nullmeyer Ali,W,6,6,
2024-01-21,Jasna,Slalom,26,Breche Clarisse,W,5,5,
2024-01-21,Jasna,Slalom,27,Lapanja Lila,W,4,4,
2024-01-20,Kitzbuehel,Downhill,1,Sarrazin Cyprien,M,55,100,Lea
2024-01-20,Jasna,Giant Slalom,1,Hector Sara,W,55,100,Melissa
2024-01-20,Kitzbuehel,Downhill,2,Odermatt Marco,M,48,80,Lea
2024-01-20,Jasna,Giant Slalom,2,Shiffrin Mikaela,W,48,80,Lena
2024-01-20,Kitzbuehel,Downhill,3,Paris Dominik,M,43,60,Dominik
2024-01-20,Jasna,Giant Slalom,3,Robinson Alice,W,43,60,Melissa
2024-01-20,Kitzbuehel,Downhill,4,Babinsky Stefan,M,38,50,Simon
2024-01-20,Jasna,Giant Slalom,4,Ljutic Zrinka,W,38,50,Lea
2024-01-20,Kitzbuehel,Downhill,5,Muzaton Maxence,M,35,45,
2024-01-20,Jasna,Giant Slalom,5,Stjernesund Thea Louise,W,35,45,Maurus
2024-01-20,Kitzbuehel,Downhill,6,Kriechmayr Vincent,M,32,40,Melissa
2024-01-20,Jasna,Giant Slalom,6,Gut-Behrami Lara,W,32,40,Melissa
2024-01-20,Kitzbuehel,Downhill,7,Giezendanner Blaise,M,29,36,
2024-01-20,Jasna,Giant Slalom,7,Hurt A J,W,29,36,
2024-01-20,Kitzbuehel,Downhill,8,Monney Alexis,M,26,32,
2024-01-20,Jasna,Giant Slalom,8,Mowinckel Ragnhild,W,26,32,Sarah
2024-01-20,Kitzbuehel,Downhill,9,Allegre Nils,M,24,29,Simon
2024-01-20,Jasna,Giant Slalom,9,Rast Camille,W,24,29,
2024-01-20,Kitzbuehel,Downhill,10,Rogentin Stefan,M,22,26,Lena
2024-01-20,Jasna,Giant Slalom,10,Lie Kajsa Vickhoff,W,22,26,Lea
2024-01-20,Kitzbuehel,Downhill,11,Lehto Elian,M,20,24,
2024-01-20,Jasna,Giant Slalom,11,Grenier Valerie,W,20,24,Maurus
2024-01-20,Kitzbuehel,Downhill,12,Neumayer Christopher,M,19,22,
2024-01-20,Jasna,Giant Slalom,12,Nyberg Lisa,W,19,22,
2024-01-20,Kitzbuehel,Downhill,13,Bosca Guglielmo,M,18,20,
2024-01-20,Kitzbuehel,Downhill,13,Casse Mattia,M,18,20,Maurus
2024-01-20,Jasna,Giant Slalom,13,Meillard Melanie,W,18,20,
2024-01-20,Jasna,Giant Slalom,13,Colturi Lara,W,18,20,
2024-01-20,Kitzbuehel,Downhill,15,Schieder Florian,M,16,16,
2024-01-20,Jasna,Giant Slalom,15,Platino Elisa,W,16,16,
2024-01-20,Kitzbuehel,Downhill,16,Cochran-Siegle Ryan,M,15,15,
2024-01-20,Jasna,Giant Slalom,16,Moltzan Paula,W,15,15,Sarah
2024-01-20,Kitzbuehel,Downhill,17,Morse Sam,M,14,14,
2024-01-20,Jasna,Giant Slalom,17,Wild Simone,W,14,14,
2024-01-20,Kitzbuehel,Downhill,18,Bailet Matthieu,M,13,13,
2024-01-20,Jasna,Giant Slalom,18,Dvornik Neja,W,13,13,
2024-01-20,Kitzbuehel,Downhill,19,Hemetsberger Daniel,M,12,12,Dominik
2024-01-20,Jasna,Giant Slalom,19,Zenere Asja,W,12,12,
2024-01-20,Kitzbuehel,Downhill,20,Boisset Arnaud,M,11,11,
2024-01-20,Jasna,Giant Slalom,20,Suter Jasmina,W,11,11,
2024-01-20,Kitzbuehel,Downhill,21,Hrobat Miha,M,10,10,
2024-01-20,Jasna,Giant Slalom,21,Bucik Ana,W,10,10,
2024-01-20,Kitzbuehel,Downhill,22,Murisier Justin,M,9,9,Sarah
2024-01-20,Jasna,Giant Slalom,22,Direz Clara,W,9,9,
2024-01-20,Kitzbuehel,Downhill,23,Sander Andreas,M,8,8,
2024-01-20,Jasna,Giant Slalom,23,Mcfarlane Caitlin,W,8,8,
2024-01-20,Kitzbuehel,Downhill,24,Alexander Cameron,M,7,7,Lena
2024-01-20,Jasna,Giant Slalom,24,Holtmann Mina Fuerst,W,7,7,Lena
2024-01-20,Kitzbuehel,Downhill,25,Hintermann Niels,M,6,6,Lena
2024-01-20,Jasna,Giant Slalom,25,Monsen Marte,W,6,6,
2024-01-20,Kitzbuehel,Downhill,26,Danklmaier Daniel,M,5,5,
2024-01-20,Jasna,Giant Slalom,26,Della Mea Lara,W,5,5,
2024-01-20,Kitzbuehel,Downhill,27,Crawford James,M,4,4,Melissa
2024-01-20,Jasna,Giant Slalom,27,Luczak Magdalena,W,4,4,
2024-01-20,Kitzbuehel,Downhill,28,Seger Brodie,M,3,3,
2024-01-20,Kitzbuehel,Downhill,28,Jocher Simon,M,3,3,
2024-01-20,Jasna,Giant Slalom,28,Jelinkova Adriana,W,3,3,
2024-01-20,Jasna,Giant Slalom,29,Duerr Lena,W,2,2,Sarah
2024-01-20,Kitzbuehel,Downhill,30,Theaux Adrien,M,1,1,
2024-01-19,Kitzbuehel,Downhill,1,Sarrazin Cyprien,M,55,100,Lea
2024-01-19,Kitzbuehel,Downhill,2,Schieder Florian,M,48,80,
2024-01-19,Kitzbuehel,Downhill,3,Odermatt Marco,M,43,60,Lea
2024-01-19,Kitzbuehel,Downhill,4,Cochran-Siegle Ryan,M,38,50,
2024-01-19,Kitzbuehel,Downhill,5,Alexander Cameron,M,35,45,Lena
2024-01-19,Kitzbuehel,Downhill,6,Paris Dominik,M,32,40,Dominik
2024-01-19,Kitzbuehel,Downhill,7,Kriechmayr Vincent,M,29,36,Melissa
2024-01-19,Kitzbuehel,Downhill,8,Murisier Justin,M,26,32,Sarah
2024-01-19,Kitzbuehel,Downhill,9,Boisset Arnaud,M,24,29,
2024-01-19,Kitzbuehel,Downhill,10,Allegre Nils,M,22,26,Simon
2024-01-19,Kitzbuehel,Downhill,11,Lehto Elian,M,20,24,
2024-01-19,Kitzbuehel,Downhill,12,Muzaton Maxence,M,19,22,
2024-01-19,Kitzbuehel,Downhill,13,Bailet Matthieu,M,18,20,
2024-01-19,Kitzbuehel,Downhill,14,Schwaiger Dominik,M,17,18,
2024-01-19,Kitzbuehel,Downhill,15,Jocher Simon,M,16,16,
2024-01-19,Kitzbuehel,Downhill,15,Rogentin Stefan,M,16,16,Lena
2024-01-19,Kitzbuehel,Downhill,17,Bosca Guglielmo,M,14,14,
2024-01-19,Kitzbuehel,Downhill,18,Sejersted Adrian Smiseth,M,13,13,
2024-01-19,Kitzbuehel,Downhill,19,Morse Sam,M,12,12,
2024-01-19,Kitzbuehel,Downhill,20,Monney Alexis,M,11,11,
2024-01-19,Kitzbuehel,Downhill,21,Giezendanner Blaise,M,10,10,
2024-01-19,Kitzbuehel,Downhill,21,Striedinger Otmar,M,10,10,
2024-01-19,Kitzbuehel,Downhill,23,Theaux Adrien,M,8,8,
2024-01-19,Kitzbuehel,Downhill,23,Crawford James,M,8,8,Melissa
2024-01-19,Kitzbuehel,Downhill,25,Bennett Bryce,M,6,6,
2024-01-19,Kitzbuehel,Downhill,26,Haaser Raphael,M,5,5,Melissa
2024-01-19,Kitzbuehel,Downhill,27,Read Jeffrey,M,4,4,
2024-01-19,Kitzbuehel,Downhill,27,Neumayer Christopher,M,4,4,
2024-01-19,Kitzbuehel,Downhill,29,Hrobat Miha,M,2,2,
2024-01-19,Kitzbuehel,Downhill,30,Zazzi Pietro,M,1,1,
2024-01-16,Flachau,Slalom,1,Shiffrin Mikaela,W,55,100,Lena
2024-01-16,Flachau,Slalom,2,Vlhova Petra,W,48,80,Maurus
2024-01-16,Flachau,Slalom,3,Hector Sara,W,43,60,Melissa
2024-01-16,Flachau,Slalom,4,Gisin Michelle,W,38,50,Maurus
2024-01-16,Flachau,Slalom,5,Swenn Larsson Anna,W,35,45,
2024-01-16,Flachau,Slalom,6,Rast Camille,W,32,40,
2024-01-16,Flachau,Slalom,7,Liensberger Katharina,W,29,36,Simon
2024-01-16,Flachau,Slalom,8,Germane Dzenifera,W,26,32,
2024-01-16,Flachau,Slalom,9,Colturi Lara,W,24,29,
2024-01-16,Flachau,Slalom,10,Maarstoel Andrine,W,22,26,
2024-01-16,Flachau,Slalom,11,Lamure Marie,W,20,24,
2024-01-16,Flachau,Slalom,12,Meillard Melanie,W,19,22,
2024-01-16,Flachau,Slalom,13,Peterlini Martina,W,18,20,
2024-01-16,Flachau,Slalom,14,Truppe Katharina,W,17,18,
2024-01-16,Flachau,Slalom,15,Duerr Lena,W,16,16,Sarah
2024-01-16,Flachau,Slalom,16,Alphand Estelle,W,15,15,
2024-01-16,Flachau,Slalom,17,Chevrier Marion,W,14,14,
2024-01-16,Flachau,Slalom,18,Sporer Marie- Therese,W,13,13,
2024-01-16,Flachau,Slalom,19,Bucik Ana,W,12,12,
2024-01-16,Flachau,Slalom,20,Smart Amelia,W,11,11,
2024-01-16,Flachau,Slalom,21,Lorenzi Lucrezia,W,10,10,
2024-01-16,Flachau,Slalom,22,Oehlund Cornelia,W,9,9,
2024-01-16,Flachau,Slalom,23,Stoffel Elena,W,8,8,
2024-01-16,Flachau,Slalom,24,Good Nicole,W,7,7,
2024-01-16,Flachau,Slalom,25,Stjernesund Thea Louise,W,6,6,Maurus
2024-01-14,Wengen,Slalom,1,Feller Manuel,M,55,100,Simon
2024-01-14,Altenmarkt-Zauchensee,Super G,1,Gut-Behrami Lara,W,55,100,Melissa
2024-01-14,Wengen,Slalom,2,Mcgrath Atle Lie,M,48,80,Lea
2024-01-14,Altenmarkt-Zauchensee,Super G,2,Huetter Cornelia,W,48,80,Lena
2024-01-14,Wengen,Slalom,3,Kristoffersen Henrik,M,43,60,Dominik
2024-01-14,Altenmarkt-Zauchensee,Super G,3,Puchner Mirjam,W,43,60,Dominik
2024-01-14,Wengen,Slalom,4,Noel Clement,M,38,50,Simon
2024-01-14,Altenmarkt-Zauchensee,Super G,4,Mowinckel Ragnhild,W,38,50,Sarah
2024-01-14,Wengen,Slalom,5,Meillard Loic,M,35,45,Maurus
2024-01-14,Altenmarkt-Zauchensee,Super G,5,Gisin Michelle,W,35,45,Maurus
2024-01-14,Wengen,Slalom,6,Rochat Marc,M,32,40,
2024-01-14,Altenmarkt-Zauchensee,Super G,6,Melesi Roberta,W,32,40,
2024-01-14,Wengen,Slalom,7,Matt Michael,M,29,36,
2024-01-14,Altenmarkt-Zauchensee,Super G,7,Gauche Laura,W,29,36,
2024-01-14,Wengen,Slalom,8,Gstrein Fabio,M,26,32,
2024-01-14,Altenmarkt-Zauchensee,Super G,8,Goggia Sofia,W,26,32,Dominik
2024-01-14,Wengen,Slalom,9,Haugan Timon,M,24,29,Sarah
2024-01-14,Altenmarkt-Zauchensee,Super G,9,Miradoli Romane,W,24,29,
2024-01-14,Wengen,Slalom,10,Rodes Istok,M,22,26,
2024-01-14,Altenmarkt-Zauchensee,Super G,10,Macuga Lauren,W,22,26,
2024-01-14,Wengen,Slalom,11,Amiez Steven,M,20,24,
2024-01-14,Altenmarkt-Zauchensee,Super G,11,Ledecka Ester,W,20,24,
2024-01-14,Wengen,Slalom,12,Ryding Dave,M,19,22,Lena
2024-01-14,Wengen,Slalom,12,Yule Daniel,M,19,22,Melissa
2024-01-14,Altenmarkt-Zauchensee,Super G,12,Brignone Federica,W,19,22,Simon
2024-01-14,Altenmarkt-Zauchensee,Super G,13,Suter Corinne,W,18,20,Dominik
2024-01-14,Wengen,Slalom,14,Holzmann Sebastian,M,17,18,
2024-01-14,Altenmarkt-Zauchensee,Super G,14,Lie Kajsa Vickhoff,W,17,18,Lea
2024-01-14,Wengen,Slalom,15,Strolz Johannes,M,16,16,
2024-01-14,Altenmarkt-Zauchensee,Super G,15,Gritsch Franziska,W,16,16,Simon
2024-01-14,Wengen,Slalom,16,Kolega Samuel,M,15,15,
2024-01-14,Altenmarkt-Zauchensee,Super G,16,Suter Jasmina,W,15,15,
2024-01-14,Wengen,Slalom,17,Sala Tommaso,M,14,14,
2024-01-14,Altenmarkt-Zauchensee,Super G,17,Venier Stephanie,W,14,14,
2024-01-14,Wengen,Slalom,18,Major Billy,M,13,13,
2024-01-14,Altenmarkt-Zauchensee,Super G,18,Scheyer Christine,W,13,13,
2024-01-14,Wengen,Slalom,19,Nef Tanguy,M,12,12,
2024-01-14,Altenmarkt-Zauchensee,Super G,19,Pirovano Laura,W,12,12,
2024-01-14,Wengen,Slalom,20,Ritchie Benjamin,M,11,11,
2024-01-14,Altenmarkt-Zauchensee,Super G,20,Durrer Delia,W,11,11,
2024-01-14,Wengen,Slalom,21,Zubcic Filip,M,10,10,Maurus
2024-01-14,Altenmarkt-Zauchensee,Super G,21,Robinson Alice,W,10,10,Melissa
2024-01-14,Wengen,Slalom,22,Rassat Paco,M,9,9,
2024-01-14,Altenmarkt-Zauchensee,Super G,22,Cerutti Camille,W,9,9,
2024-01-14,Wengen,Slalom,23,Maes Sam,M,8,8,
2024-01-14,Altenmarkt-Zauchensee,Super G,23,Hoernblad Lisa,W,8,8,
2024-01-14,Wengen,Slalom,24,Kastlunger Tobias,M,7,7,
2024-01-14,Altenmarkt-Zauchensee,Super G,24,Nufer Priska,W,7,7,
2024-01-14,Wengen,Slalom,25,Del Campo Juan,M,6,6,
2024-01-14,Altenmarkt-Zauchensee,Super G,25,Heider Michaela,W,6,6,
2024-01-14,Wengen,Slalom,26,Vinatzer Alex,M,5,5,
2024-01-14,Altenmarkt-Zauchensee,Super G,26,Haehlen Joana,W,5,5,Lea
2024-01-14,Wengen,Slalom,27,Gross Stefano,M,4,4,
2024-01-14,Altenmarkt-Zauchensee,Super G,27,Wechner Lena,W,4,4,
2024-01-14,Wengen,Slalom,28,Pertl Adrian,M,3,3,
2024-01-14,Altenmarkt-Zauchensee,Super G,28,Delago Nicol,W,3,3,
2024-01-14,Wengen,Slalom,29,Kato Seigo,M,2,2,
2024-01-14,Altenmarkt-Zauchensee,Super G,29,Niederwieser Michelle,W,2,2,
2024-01-14,Altenmarkt-Zauchensee,Super G,29,Bassino Marta,W,2,2,Lea
2024-01-13,Wengen,Downhill,1,Odermatt Marco,M,55,100,Lea
2024-01-13,Altenmarkt-Zauchensee,Downhill,1,Goggia Sofia,W,55,100,Dominik
2024-01-13,Wengen,Downhill,2,Sarrazin Cyprien,M,48,80,Lea
2024-01-13,Altenmarkt-Zauchensee,Downhill,2,Venier Stephanie,W,48,80,
2024-01-13,Wengen,Downhill,3,Paris Dominik,M,43,60,Dominik
2024-01-13,Altenmarkt-Zauchensee,Downhill,3,Puchner Mirjam,W,43,60,Dominik
2024-01-13,Altenmarkt-Zauchensee,Downhill,3,Delago Nicol,W,43,60,
2024-01-13,Wengen,Downhill,4,Sejersted Adrian Smiseth,M,38,50,
2024-01-13,Wengen,Downhill,5,Kriechmayr Vincent,M,35,45,Melissa
2024-01-13,Altenmarkt-Zauchensee,Downhill,5,Weidle Kira,W,35,45,
2024-01-13,Wengen,Downhill,6,Theaux Adrien,M,32,40,
2024-01-13,Altenmarkt-Zauchensee,Downhill,6,Gut-Behrami Lara,W,32,40,Melissa
2024-01-13,Wengen,Downhill,7,Allegre Nils,M,29,36,Simon
2024-01-13,Altenmarkt-Zauchensee,Downhill,7,Raedler Ariane,W,29,36,
2024-01-13,Wengen,Downhill,8,Hintermann Niels,M,26,32,Lena
2024-01-13,Altenmarkt-Zauchensee,Downhill,8,Gisin Michelle,W,26,32,Maurus
2024-01-13,Wengen,Downhill,9,Cochran-Siegle Ryan,M,24,29,
2024-01-13,Altenmarkt-Zauchensee,Downhill,9,Gauche Laura,W,24,29,
2024-01-13,Wengen,Downhill,10,Bennett Bryce,M,22,26,
2024-01-13,Wengen,Downhill,10,Casse Mattia,M,22,26,Maurus
2024-01-13,Altenmarkt-Zauchensee,Downhill,10,Nufer Priska,W,22,26,
2024-01-13,Altenmarkt-Zauchensee,Downhill,11,Flury Jasmine,W,20,24,Dominik
2024-01-13,Wengen,Downhill,12,Striedinger Otmar,M,19,22,
2024-01-13,Altenmarkt-Zauchensee,Downhill,12,Stuhec Ilka,W,19,22,Lena
2024-01-13,Wengen,Downhill,13,Rogentin Stefan,M,18,20,Lena
2024-01-13,Altenmarkt-Zauchensee,Downhill,13,Pirovano Laura,W,18,20,
2024-01-13,Wengen,Downhill,14,Von Allmen Franjo,M,17,18,
2024-01-13,Altenmarkt-Zauchensee,Downhill,14,Wiles Jacqueline,W,17,18,
2024-01-13,Altenmarkt-Zauchensee,Downhill,14,Brignone Federica,W,17,18,Simon
2024-01-13,Wengen,Downhill,15,Mettler Josua,M,16,16,
2024-01-13,Wengen,Downhill,16,Goldberg Jared,M,15,15,
2024-01-13,Altenmarkt-Zauchensee,Downhill,16,Huetter Cornelia,W,15,15,Lena
2024-01-13,Wengen,Downhill,17,Danklmaier Daniel,M,14,14,
2024-01-13,Altenmarkt-Zauchensee,Downhill,17,Wright Isabella,W,14,14,
2024-01-13,Wengen,Downhill,18,Giezendanner Blaise,M,13,13,
2024-01-13,Altenmarkt-Zauchensee,Downhill,18,Haehlen Joana,W,13,13,Lea
2024-01-13,Wengen,Downhill,19,Innerhofer Christof,M,12,12,
2024-01-13,Altenmarkt-Zauchensee,Downhill,19,Durrer Delia,W,12,12,
2024-01-13,Wengen,Downhill,20,Lehto Elian,M,11,11,
2024-01-13,Altenmarkt-Zauchensee,Downhill,20,Scheyer Christine,W,11,11,
2024-01-13,Wengen,Downhill,21,Crawford James,M,10,10,Melissa
2024-01-13,Altenmarkt-Zauchensee,Downhill,21,Maier Sabrina,W,10,10,
2024-01-13,Wengen,Downhill,22,Monney Alexis,M,9,9,
2024-01-13,Altenmarkt-Zauchensee,Downhill,22,Delago Nadia,W,9,9,
2024-01-13,Wengen,Downhill,23,Bosca Guglielmo,M,8,8,
2024-01-13,Altenmarkt-Zauchensee,Downhill,23,Niederwieser Michelle,W,8,8,
2024-01-13,Wengen,Downhill,24,Roesti Lars,M,7,7,
2024-01-13,Altenmarkt-Zauchensee,Downhill,24,Ledecka Ester,W,7,7,
2024-01-13,Wengen,Downhill,25,Morse Sam,M,6,6,
2024-01-13,Altenmarkt-Zauchensee,Downhill,25,Ager Christina,W,6,6,
2024-01-13,Altenmarkt-Zauchensee,Downhill,25,Mowinckel Ragnhild,W,6,6,Sarah
2024-01-13,Wengen,Downhill,26,Hrobat Miha,M,5,5,
2024-01-13,Wengen,Downhill,27,Roulin Gilles,M,4,4,
2024-01-13,Altenmarkt-Zauchensee,Downhill,27,Jenal Stephanie,W,4,4,
2024-01-13,Wengen,Downhill,28,Sander Andreas,M,3,3,
2024-01-13,Altenmarkt-Zauchensee,Downhill,28,Bernardi Vicky,W,3,3,
2024-01-13,Wengen,Downhill,29,Zazzi Pietro,M,2,2,
2024-01-13,Altenmarkt-Zauchensee,Downhill,29,Wechner Lena,W,2,2,
2024-01-13,Wengen,Downhill,30,Vogt Luis,M,1,1,
2024-01-13,Altenmarkt-Zauchensee,Downhill,30,Hoernblad Lisa,W,1,1,
2024-01-12,Wengen,Super G,1,Sarrazin Cyprien,M,55,100,Lea
2024-01-12,Altenmarkt-Zauchensee,Super G,1,Huetter Cornelia,W,55,100,Lena
2024-01-12,Wengen,Super G,2,Odermatt Marco,M,48,80,Lea
2024-01-12,Altenmarkt-Zauchensee,Super G,2,Lie Kajsa Vickhoff,W,48,80,Lea
2024-01-12,Wengen,Super G,3,Kilde Aleksander Aamodt,M,43,60,Simon
2024-01-12,Altenmarkt-Zauchensee,Super G,3,Gut-Behrami Lara,W,43,60,Melissa
2024-01-12,Wengen,Super G,4,Paris Dominik,M,38,50,Dominik
2024-01-12,Altenmarkt-Zauchensee,Super G,4,Brignone Federica,W,38,50,Simon
2024-01-12,Wengen,Super G,5,Bosca Guglielmo,M,35,45,
2024-01-12,Altenmarkt-Zauchensee,Super G,5,Bassino Marta,W,35,45,Lea
2024-01-12,Wengen,Super G,6,Babinsky Stefan,M,32,40,
2024-01-12,Altenmarkt-Zauchensee,Super G,6,Raedler Ariane,W,32,40,
2024-01-12,Wengen,Super G,7,Murisier Justin,M,29,36,Sarah
2024-01-12,Altenmarkt-Zauchensee,Super G,7,Puchner Mirjam,W,29,36,Dominik
2024-01-12,Wengen,Super G,8,Haaser Raphael,M,26,32,Melissa
2024-01-12,Altenmarkt-Zauchensee,Super G,8,Venier Stephanie,W,26,32,
2024-01-12,Wengen,Super G,9,Rogentin Stefan,M,24,29,Lena
2024-01-12,Altenmarkt-Zauchensee,Super G,9,Haehlen Joana,W,24,29,Lea
2024-01-12,Wengen,Super G,10,Casse Mattia,M,22,26,Maurus
2024-01-12,Altenmarkt-Zauchensee,Super G,10,Flury Jasmine,W,22,26,Dominik
2024-01-12,Wengen,Super G,11,Kriechmayr Vincent,M,20,24,Melissa
2024-01-12,Altenmarkt-Zauchensee,Super G,11,Grenier Valerie,W,20,24,Maurus
2024-01-12,Wengen,Super G,12,Sejersted Adrian Smiseth,M,19,22,
2024-01-12,Altenmarkt-Zauchensee,Super G,12,Jenal Stephanie,W,19,22,
2024-01-12,Wengen,Super G,13,Crawford James,M,18,20,Melissa
2024-01-12,Altenmarkt-Zauchensee,Super G,13,Suter Corinne,W,18,20,Dominik
2024-01-12,Wengen,Super G,14,Boisset Arnaud,M,17,18,
2024-01-12,Altenmarkt-Zauchensee,Super G,14,Weidle Kira,W,17,18,
2024-01-12,Wengen,Super G,15,Feurstein Lukas,M,16,16,
2024-01-12,Altenmarkt-Zauchensee,Super G,15,Gisin Michelle,W,16,16,Maurus
2024-01-12,Altenmarkt-Zauchensee,Super G,15,Mowinckel Ragnhild,W,16,16,Sarah
2024-01-12,Wengen,Super G,16,Danklmaier Daniel,M,15,15,
2024-01-12,Wengen,Super G,17,Hintermann Niels,M,14,14,Lena
2024-01-12,Altenmarkt-Zauchensee,Super G,17,Nufer Priska,W,14,14,
2024-01-12,Wengen,Super G,18,Allegre Nils,M,13,13,Simon
2024-01-12,Altenmarkt-Zauchensee,Super G,18,Ledecka Ester,W,13,13,
2024-01-12,Wengen,Super G,19,Meillard Loic,M,12,12,Maurus
2024-01-12,Altenmarkt-Zauchensee,Super G,19,Gauche Laura,W,12,12,
2024-01-12,Wengen,Super G,20,Striedinger Otmar,M,11,11,
2024-01-12,Altenmarkt-Zauchensee,Super G,20,Gasienica-Daniel Maryna,W,11,11,
2024-01-12,Wengen,Super G,21,Cochran-Siegle Ryan,M,10,10,
2024-01-12,Altenmarkt-Zauchensee,Super G,21,Wiles Jacqueline,W,10,10,
2024-01-12,Wengen,Super G,22,Roulin Gilles,M,9,9,
2024-01-12,Altenmarkt-Zauchensee,Super G,22,Heider Michaela,W,9,9,
2024-01-12,Altenmarkt-Zauchensee,Super G,22,Ager Christina,W,9,9,
2024-01-12,Wengen,Super G,23,Innerhofer Christof,M,8,8,
2024-01-12,Wengen,Super G,24,Hemetsberger Daniel,M,7,7,Dominik
2024-01-12,Altenmarkt-Zauchensee,Super G,24,Pirovano Laura,W,7,7,
2024-01-12,Wengen,Super G,25,Sander Andreas,M,6,6,
2024-01-12,Altenmarkt-Zauchensee,Super G,25,Robinson Alice,W,6,6,Melissa
2024-01-12,Wengen,Super G,26,Read Jeffrey,M,5,5,
2024-01-12,Altenmarkt-Zauchensee,Super G,26,Miradoli Romane,W,5,5,
2024-01-12,Wengen,Super G,27,Goldberg Jared,M,4,4,
2024-01-12,Altenmarkt-Zauchensee,Super G,27,Gritsch Franziska,W,4,4,Simon
2024-01-12,Wengen,Super G,28,Bennett Bryce,M,3,3,
2024-01-12,Altenmarkt-Zauchensee,Super G,28,Suter Jasmina,W,3,3,
2024-01-12,Wengen,Super G,29,Jocher Simon,M,2,2,
2024-01-12,Wengen,Super G,29,Schieder Florian,M,2,2,
2024-01-12,Altenmarkt-Zauchensee,Super G,29,Melesi Roberta,W,2,2,
2024-01-12,Altenmarkt-Zauchensee,Super G,30,Wright Isabella,W,1,1,
2024-01-11,Wengen,Downhill,1,Odermatt Marco,M,55,100,Lea
2024-01-11,Wengen,Downhill,2,Sarrazin Cyprien,M,48,80,Lea
2024-01-11,Wengen,Downhill,3,Kilde Aleksander Aamodt,M,43,60,Simon
2024-01-11,Wengen,Downhill,4,Schieder Florian,M,38,50,
2024-01-11,Wengen,Downhill,5,Paris Dominik,M,35,45,Dominik
2024-01-11,Wengen,Downhill,6,Cochran-Siegle Ryan,M,32,40,
2024-01-11,Wengen,Downhill,7,Casse Mattia,M,29,36,Maurus
2024-01-11,Wengen,Downhill,8,Striedinger Otmar,M,26,32,
2024-01-11,Wengen,Downhill,9,Pinturault Alexis,M,24,29,Maurus
2024-01-11,Wengen,Downhill,10,Murisier Justin,M,22,26,
2024-01-11,Wengen,Downhill,11,Hintermann Niels,M,20,24,Lena
2024-01-11,Wengen,Downhill,12,Monney Alexis,M,19,22,
2024-01-11,Wengen,Downhill,13,Kriechmayr Vincent,M,18,20,Melissa
2024-01-11,Wengen,Downhill,14,Von Allmen Franjo,M,17,18,
2024-01-11,Wengen,Downhill,15,Babinsky Stefan,M,16,16,
2024-01-11,Wengen,Downhill,16,Bennett Bryce,M,15,15,Sarah
2024-01-11,Wengen,Downhill,17,Allegre Nils,M,14,14,Simon
2024-01-11,Wengen,Downhill,18,Innerhofer Christof,M,13,13,
2024-01-11,Wengen,Downhill,18,Baumann Romed,M,13,13,Lena
2024-01-11,Wengen,Downhill,20,Muzaton Maxence,M,11,11,
2024-01-11,Wengen,Downhill,21,Sander Andreas,M,10,10,
2024-01-11,Wengen,Downhill,22,Rogentin Stefan,M,9,9,Lena
2024-01-11,Wengen,Downhill,23,Danklmaier Daniel,M,8,8,
2024-01-11,Wengen,Downhill,24,Alexander Cameron,M,7,7,
2024-01-11,Wengen,Downhill,25,Theaux Adrien,M,6,6,
2024-01-11,Wengen,Downhill,26,Bailet Matthieu,M,5,5,
2024-01-11,Wengen,Downhill,27,Jocher Simon,M,4,4,
2024-01-11,Wengen,Downhill,28,Dressen Thomas,M,3,3,
2024-01-11,Wengen,Downhill,29,Sejersted Adrian Smiseth,M,2,2,
2024-01-11,Wengen,Downhill,30,Morse Sam,M,1,1,
2024-01-07,Kranjska Gora,Slalom,1,Vlhova Petra,W,55,100,Maurus
2024-01-07,Adelboden,Slalom,1,Feller Manuel,M,55,100,Simon
2024-01-07,Kranjska Gora,Slalom,2,Duerr Lena,W,48,80,Sarah
2024-01-07,Adelboden,Slalom,2,Mcgrath Atle Lie,M,48,80,Lea
2024-01-07,Kranjska Gora,Slalom,3,Hurt A J,W,43,60,
2024-01-07,Adelboden,Slalom,3,Raschner Dominik,M,43,60,
2024-01-07,Kranjska Gora,Slalom,4,Rast Camille,W,38,50,
2024-01-07,Adelboden,Slalom,4,Strasser Linus,M,38,50,
2024-01-07,Kranjska Gora,Slalom,5,Moltzan Paula,W,35,45,Sarah
2024-01-07,Adelboden,Slalom,5,Rochat Marc,M,35,45,
2024-01-07,Kranjska Gora,Slalom,6,Hector Sara,W,32,40,Melissa
2024-01-07,Adelboden,Slalom,6,Kolega Samuel,M,32,40,
2024-01-07,Kranjska Gora,Slalom,7,Liensberger Katharina,W,29,36,Simon
2024-01-07,Adelboden,Slalom,7,Sala Tommaso,M,29,36,
2024-01-07,Kranjska Gora,Slalom,8,Pogneaux Chiara,W,26,32,
2024-01-07,Adelboden,Slalom,8,Aerni Luca,M,26,32,
2024-01-07,Kranjska Gora,Slalom,9,Huber Katharina,W,24,29,
2024-01-07,Adelboden,Slalom,9,Haugan Timon,M,24,29,Sarah
2024-01-07,Kranjska Gora,Slalom,10,Gisin Michelle,W,22,26,Maurus
2024-01-07,Adelboden,Slalom,10,Yule Daniel,M,22,26,Melissa
2024-01-07,Kranjska Gora,Slalom,11,Popovic Leona,W,20,24,Sarah
2024-01-07,Adelboden,Slalom,11,Amiez Steven,M,20,24,
2024-01-07,Kranjska Gora,Slalom,12,Germane Dzenifera,W,19,22,
2024-01-07,Adelboden,Slalom,12,Meillard Loic,M,19,22,Maurus
2024-01-07,Kranjska Gora,Slalom,13,Colturi Lara,W,18,20,
2024-01-07,Adelboden,Slalom,13,Holzmann Sebastian,M,18,20,
2024-01-07,Kranjska Gora,Slalom,14,Slokar Andreja,W,17,18,
2024-01-07,Adelboden,Slalom,14,Zenhaeusern Ramon,M,17,18,Sarah
2024-01-07,Kranjska Gora,Slalom,15,Lamure Marie,W,16,16,
2024-01-07,Adelboden,Slalom,15,Popov Albert,M,16,16,
2024-01-07,Kranjska Gora,Slalom,16,Smart Amelia,W,15,15,
2024-01-07,Adelboden,Slalom,16,Kastlunger Tobias,M,15,15,
2024-01-07,Kranjska Gora,Slalom,17,Gritsch Franziska,W,14,14,Simon
2024-01-07,Adelboden,Slalom,17,Rodes Istok,M,14,14,
2024-01-07,Kranjska Gora,Slalom,18,Gallhuber Katharina,W,13,13,
2024-01-07,Adelboden,Slalom,18,Strolz Johannes,M,13,13,
2024-01-07,Kranjska Gora,Slalom,19,Nullmeyer Ali,W,12,12,
2024-01-07,Adelboden,Slalom,19,Radamus River,M,12,12,
2024-01-07,Kranjska Gora,Slalom,20,Hilzinger Jessica,W,11,11,
2024-01-07,Adelboden,Slalom,20,Read Erik,M,11,11,
2024-01-07,Kranjska Gora,Slalom,21,Dubovska Martina,W,10,10,
2024-01-07,Adelboden,Slalom,21,Ryding Dave,M,10,10,Lena
2024-01-07,Kranjska Gora,Slalom,22,Meillard Melanie,W,9,9,
2024-01-07,Adelboden,Slalom,22,Pertl Adrian,M,9,9,
2024-01-07,Kranjska Gora,Slalom,23,Stjernesund Thea Louise,W,8,8,Maurus
2024-01-07,Adelboden,Slalom,23,Ritchie Benjamin,M,8,8,
2024-01-07,Kranjska Gora,Slalom,24,Good Nicole,W,7,7,
2024-01-07,Adelboden,Slalom,24,Foss-Solevaag Sebastian,M,7,7,
2024-01-07,Kranjska Gora,Slalom,25,Breche Clarisse,W,6,6,
2024-01-07,Adelboden,Slalom,25,Salarich Joaquim,M,6,6,
2024-01-07,Adelboden,Slalom,26,Anguenot Leo,M,5,5,
2024-01-07,Adelboden,Slalom,27,Gross Stefano,M,4,4,
2024-01-06,Kranjska Gora,Giant Slalom,1,Grenier Valerie,W,55,100,Maurus
2024-01-06,Adelboden,Giant Slalom,1,Odermatt Marco,M,55,100,Lea
2024-01-06,Kranjska Gora,Giant Slalom,2,Gut-Behrami Lara,W,48,80,Melissa
2024-01-06,Adelboden,Giant Slalom,2,Kilde Aleksander Aamodt,M,48,80,Simon
2024-01-06,Kranjska Gora,Giant Slalom,3,Brignone Federica,W,43,60,Simon
2024-01-06,Adelboden,Giant Slalom,3,Zubcic Filip,M,43,60,Maurus
2024-01-06,Kranjska Gora,Giant Slalom,4,Vlhova Petra,W,38,50,Maurus
2024-01-06,Adelboden,Giant Slalom,4,Radamus River,M,38,50,
2024-01-06,Kranjska Gora,Giant Slalom,5,Stjernesund Thea Louise,W,35,45,Maurus
2024-01-06,Adelboden,Giant Slalom,5,Kristoffersen Henrik,M,35,45,Dominik
2024-01-06,Kranjska Gora,Giant Slalom,6,Hector Sara,W,32,40,Melissa
2024-01-06,Adelboden,Giant Slalom,6,Steen Olsen Alexander,M,32,40,Lea
2024-01-06,Kranjska Gora,Giant Slalom,7,Gritsch Franziska,W,29,36,Simon
2024-01-06,Adelboden,Giant Slalom,7,Mcgrath Atle Lie,M,29,36,Lea
2024-01-06,Kranjska Gora,Giant Slalom,8,Robinson Alice,W,26,32,Melissa
2024-01-06,Adelboden,Giant Slalom,8,De Aliprandini Luca,M,26,32,
2024-01-06,Kranjska Gora,Giant Slalom,9,Shiffrin Mikaela,W,24,29,Lena
2024-01-06,Adelboden,Giant Slalom,9,Windingstad Rasmus,M,24,29,
2024-01-06,Kranjska Gora,Giant Slalom,10,Bassino Marta,W,22,26,Lea
2024-01-06,Adelboden,Giant Slalom,10,Schmid Alexander,M,22,26,
2024-01-06,Kranjska Gora,Giant Slalom,11,Direz Clara,W,20,24,
2024-01-06,Adelboden,Giant Slalom,11,Vinatzer Alex,M,20,24,
2024-01-06,Kranjska Gora,Giant Slalom,12,Goggia Sofia,W,19,22,Dominik
2024-01-06,Adelboden,Giant Slalom,12,Caviezel Gino,M,19,22,Sarah
2024-01-06,Kranjska Gora,Giant Slalom,13,Brunner Stephanie,W,18,20,
2024-01-06,Adelboden,Giant Slalom,13,Murisier Justin,M,18,20,
2024-01-06,Kranjska Gora,Giant Slalom,14,Liensberger Katharina,W,17,18,Simon
2024-01-06,Adelboden,Giant Slalom,14,Borgnaes Christian,M,17,18,
2024-01-06,Kranjska Gora,Giant Slalom,15,Aicher Emma,W,16,16,Simon
2024-01-06,Adelboden,Giant Slalom,15,Haaser Raphael,M,16,16,
2024-01-06,Kranjska Gora,Giant Slalom,16,Haaser Ricarda,W,15,15,
2024-01-06,Kranjska Gora,Giant Slalom,16,Gasienica-Daniel Maryna,W,15,15,
2024-01-06,Adelboden,Giant Slalom,16,Favrot Thibaut,M,15,15,
2024-01-06,Adelboden,Giant Slalom,17,Ford Tommy,M,14,14,
2024-01-06,Kranjska Gora,Giant Slalom,18,Hurt A J,W,13,13,
2024-01-06,Adelboden,Giant Slalom,18,Feurstein Patrick,M,13,13,
2024-01-06,Kranjska Gora,Giant Slalom,19,Richardson Britt,W,12,12,
2024-01-06,Adelboden,Giant Slalom,19,Brennsteiner Stefan,M,12,12,
2024-01-06,Kranjska Gora,Giant Slalom,20,Gisin Michelle,W,11,11,Maurus
2024-01-06,Adelboden,Giant Slalom,20,Maes Sam,M,11,11,
2024-01-06,Kranjska Gora,Giant Slalom,21,Mowinckel Ragnhild,W,10,10,Sarah
2024-01-06,Adelboden,Giant Slalom,21,Kranjec Zan,M,10,10,Dominik
2024-01-06,Kranjska Gora,Giant Slalom,22,Ljutic Zrinka,W,9,9,Lea
2024-01-06,Adelboden,Giant Slalom,22,Simonet Livio,M,9,9,
2024-01-06,Adelboden,Giant Slalom,22,Borsotti Giovanni,M,9,9,
2024-01-06,Kranjska Gora,Giant Slalom,23,Holtmann Mina Fuerst,W,8,8,Lena
2024-01-06,Kranjska Gora,Giant Slalom,24,Luczak Magdalena,W,7,7,
2024-01-06,Adelboden,Giant Slalom,24,Moeller Fredrik,M,7,7,
2024-01-06,Kranjska Gora,Giant Slalom,25,Colturi Lara,W,6,6,
2024-01-06,Adelboden,Giant Slalom,25,Tumler Thomas,M,6,6,
2024-01-06,Kranjska Gora,Giant Slalom,26,Platino Elisa,W,5,5,
2024-01-06,Adelboden,Giant Slalom,26,Gratz Fabian,M,5,5,
2024-01-06,Adelboden,Giant Slalom,27,Feller Manuel,M,4,4,Simon
2024-01-06,Adelboden,Giant Slalom,28,Stockinger Jonas,M,3,3,
2024-01-06,Adelboden,Giant Slalom,29,Zingerle Hannes,M,2,2,
2024-01-06,Adelboden,Giant Slalom,30,Anguenot Leo,M,1,1,
2023-12-29,Bormio,Super G,1,Odermatt Marco,M,55,100,Lea
2023-12-29,Lienz,Slalom,1,Shiffrin Mikaela,W,55,100,Lena
2023-12-29,Bormio,Super G,2,Haaser Raphael,M,48,80,
2023-12-29,Lienz,Slalom,2,Duerr Lena,W,48,80,Sarah
2023-12-29,Bormio,Super G,3,Kilde Aleksander Aamodt,M,43,60,Simon
2023-12-29,Lienz,Slalom,3,Gisin Michelle,W,43,60,Maurus
2023-12-29,Bormio,Super G,4,Kriechmayr Vincent,M,38,50,Melissa
2023-12-29,Lienz,Slalom,4,Swenn Larsson Anna,W,38,50,
2023-12-29,Bormio,Super G,5,Murisier Justin,M,35,45,
2023-12-29,Lienz,Slalom,5,Vlhova Petra,W,35,45,Maurus
2023-12-29,Bormio,Super G,6,Babinsky Stefan,M,32,40,
2023-12-29,Bormio,Super G,6,Allegre Nils,M,32,40,
2023-12-29,Lienz,Slalom,6,Huber Katharina,W,32,40,
2023-12-29,Lienz,Slalom,7,Gallhuber Katharina,W,29,36,
2023-12-29,Bormio,Super G,8,Meillard Loic,M,26,32,Maurus
2023-12-29,Lienz,Slalom,8,Liensberger Katharina,W,26,32,Simon
2023-12-29,Bormio,Super G,9,Pinturault Alexis,M,24,29,Maurus
2023-12-29,Lienz,Slalom,9,Good Nicole,W,24,29,
2023-12-29,Bormio,Super G,10,Caviezel Gino,M,22,26,Sarah
2023-12-29,Lienz,Slalom,10,Truppe Katharina,W,22,26,
2023-12-29,Bormio,Super G,11,Danklmaier Daniel,M,20,24,
2023-12-29,Lienz,Slalom,11,Nullmeyer Ali,W,20,24,
2023-12-29,Bormio,Super G,12,Rogentin Stefan,M,19,22,Lena
2023-12-29,Lienz,Slalom,12,Hector Sara,W,19,22,Melissa
2023-12-29,Bormio,Super G,13,Kohler Marco,M,18,20,
2023-12-29,Bormio,Super G,13,Read Jeffrey,M,18,20,
2023-12-29,Lienz,Slalom,13,Gritsch Franziska,W,18,20,Simon
2023-12-29,Lienz,Slalom,14,Smart Amelia,W,17,18,
2023-12-29,Bormio,Super G,15,Hintermann Niels,M,16,16,Lena
2023-12-29,Lienz,Slalom,15,Meillard Melanie,W,16,16,
2023-12-29,Bormio,Super G,16,Crawford James,M,15,15,Melissa
2023-12-29,Lienz,Slalom,16,Lysdahl Kristin,W,15,15,
2023-12-29,Bormio,Super G,17,Giezendanner Blaise,M,14,14,
2023-12-29,Lienz,Slalom,17,Slokar Andreja,W,14,14,
2023-12-29,Bormio,Super G,18,Goldberg Jared,M,13,13,
2023-12-29,Lienz,Slalom,18,Bucik Ana,W,13,13,
2023-12-29,Bormio,Super G,19,Cochran-Siegle Ryan,M,12,12,Melissa
2023-12-29,Lienz,Slalom,19,Oehlund Cornelia,W,12,12,
2023-12-29,Bormio,Super G,20,Monney Alexis,M,11,11,
2023-12-29,Lienz,Slalom,20,Stjernesund Thea Louise,W,11,11,Maurus
2023-12-29,Bormio,Super G,21,Jocher Simon,M,10,10,
2023-12-29,Bormio,Super G,21,Roulin Gilles,M,10,10,
2023-12-29,Lienz,Slalom,21,Della Mea Lara,W,10,10,
2023-12-29,Lienz,Slalom,22,Germane Dzenifera,W,9,9,
2023-12-29,Bormio,Super G,23,Lehto Elian,M,8,8,
2023-12-29,Lienz,Slalom,23,Dvornik Neja,W,8,8,
2023-12-29,Bormio,Super G,24,Hemetsberger Daniel,M,7,7,Dominik
2023-12-29,Lienz,Slalom,24,Pogneaux Chiara,W,7,7,
2023-12-29,Bormio,Super G,25,Feurstein Lukas,M,6,6,
2023-12-29,Lienz,Slalom,25,Lamure Marie,W,6,6,
2023-12-29,Bormio,Super G,26,Morse Sam,M,5,5,
2023-12-29,Lienz,Slalom,26,Mcfarlane Caitlin,W,5,5,
2023-12-29,Bormio,Super G,27,Negomir Kyle,M,4,4,
2023-12-29,Lienz,Slalom,27,Rast Camille,W,4,4,
2023-12-29,Bormio,Super G,28,Boisset Arnaud,M,3,3,
2023-12-29,Lienz,Slalom,28,Westhoff Bianca Bakke,W,3,3,
2023-12-29,Bormio,Super G,29,Zazzi Pietro,M,2,2,
2023-12-29,Bormio,Super G,30,Bailet Matthieu,M,1,1,
2023-12-28,Bormio,Downhill,1,Sarrazin Cyprien,M,55,100,
2023-12-28,Lienz,Giant Slalom,1,Shiffrin Mikaela,W,55,100,Lena
2023-12-28,Bormio,Downhill,2,Odermatt Marco,M,48,80,Lea
2023-12-28,Lienz,Giant Slalom,2,Brignone Federica,W,48,80,Simon
2023-12-28,Bormio,Downhill,3,Alexander Cameron,M,43,60,
2023-12-28,Lienz,Giant Slalom,3,Hector Sara,W,43,60,Melissa
2023-12-28,Bormio,Downhill,4,Murisier Justin,M,38,50,
2023-12-28,Lienz,Giant Slalom,4,Grenier Valerie,W,38,50,Maurus
2023-12-28,Bormio,Downhill,5,Kriechmayr Vincent,M,35,45,Melissa
2023-12-28,Lienz,Giant Slalom,5,Scheib Julia,W,35,45,
2023-12-28,Bormio,Downhill,6,Casse Mattia,M,32,40,Maurus
2023-12-28,Lienz,Giant Slalom,6,Gut-Behrami Lara,W,32,40,Melissa
2023-12-28,Bormio,Downhill,7,Hintermann Niels,M,29,36,Lena
2023-12-28,Lienz,Giant Slalom,7,Vlhova Petra,W,29,36,Maurus
2023-12-28,Bormio,Downhill,8,Crawford James,M,26,32,Melissa
2023-12-28,Lienz,Giant Slalom,8,Goggia Sofia,W,26,32,Dominik
2023-12-28,Bormio,Downhill,9,Alphand Nils,M,24,29,
2023-12-28,Lienz,Giant Slalom,9,Robinson Alice,W,24,29,Melissa
2023-12-28,Bormio,Downhill,10,Kohler Marco,M,22,26,
2023-12-28,Lienz,Giant Slalom,10,Ljutic Zrinka,W,22,26,Lea
2023-12-28,Bormio,Downhill,11,Hrobat Miha,M,20,24,
2023-12-28,Lienz,Giant Slalom,11,Hurt A J,W,20,24,
2023-12-28,Bormio,Downhill,12,Maple Wiley,M,19,22,
2023-12-28,Lienz,Giant Slalom,12,Gasienica-Daniel Maryna,W,19,22,
2023-12-28,Bormio,Downhill,13,Monney Alexis,M,18,20,
2023-12-28,Lienz,Giant Slalom,13,Mowinckel Ragnhild,W,18,20,Sarah
2023-12-28,Bormio,Downhill,14,Haaser Raphael,M,17,18,
2023-12-28,Bormio,Downhill,14,Schieder Florian,M,17,18,
2023-12-28,Lienz,Giant Slalom,14,Rast Camille,W,17,18,
2023-12-28,Lienz,Giant Slalom,14,Holtmann Mina Fuerst,W,17,18,Lena
2023-12-28,Bormio,Downhill,16,Giezendanner Blaise,M,15,15,
2023-12-28,Bormio,Downhill,16,Theaux Adrien,M,15,15,
2023-12-28,Lienz,Giant Slalom,16,Moltzan Paula,W,15,15,Sarah
2023-12-28,Lienz,Giant Slalom,17,Melesi Roberta,W,14,14,
2023-12-28,Bormio,Downhill,18,Zazzi Pietro,M,13,13,
2023-12-28,Lienz,Giant Slalom,18,Dvornik Neja,W,13,13,
2023-12-28,Bormio,Downhill,19,Sander Andreas,M,12,12,Simon
2023-12-28,Lienz,Giant Slalom,19,Gritsch Franziska,W,12,12,Simon
2023-12-28,Bormio,Downhill,20,Danklmaier Daniel,M,11,11,
2023-12-28,Lienz,Giant Slalom,20,Luczak Magdalena,W,11,11,
2023-12-28,Lienz,Giant Slalom,20,Stjernesund Thea Louise,W,11,11,Maurus
2023-12-28,Bormio,Downhill,21,Jocher Simon,M,10,10,
2023-12-28,Bormio,Downhill,22,Boisset Arnaud,M,9,9,
2023-12-28,Bormio,Downhill,22,Pinturault Alexis,M,9,9,Maurus
2023-12-28,Bormio,Downhill,22,Bailet Matthieu,M,9,9,
2023-12-28,Lienz,Giant Slalom,22,Colturi Lara,W,9,9,
2023-12-28,Lienz,Giant Slalom,23,Bucik Ana,W,8,8,
2023-12-28,Lienz,Giant Slalom,24,Gisin Michelle,W,7,7,Maurus
2023-12-28,Bormio,Downhill,25,Allegre Nils,M,6,6,
2023-12-28,Lienz,Giant Slalom,25,Platino Elisa,W,6,6,
2023-12-28,Lienz,Giant Slalom,25,Zenere Asja,W,6,6,
2023-12-28,Bormio,Downhill,26,Rogentin Stefan,M,5,5,Lena
2023-12-28,Bormio,Downhill,27,Goldberg Jared,M,4,4,
2023-12-28,Lienz,Giant Slalom,27,Jelinkova Adriana,W,4,4,
2023-12-28,Bormio,Downhill,28,Lehto Elian,M,3,3,
2023-12-28,Lienz,Giant Slalom,28,Meillard Melanie,W,3,3,
2023-12-28,Bormio,Downhill,29,Innerhofer Christof,M,2,2,
2023-12-28,Lienz,Giant Slalom,29,Della Mea Lara,W,2,2,
2023-12-28,Bormio,Downhill,30,Bosca Guglielmo,M,1,1,
2023-12-22,Madonna di Campiglio,Slalom,1,Schwarz Marco,M,55,100,Lena
2023-12-22,Madonna di Campiglio,Slalom,2,Noel Clement,M,48,80,Simon
2023-12-22,Madonna di Campiglio,Slalom,3,Ryding Dave,M,43,60,
2023-12-22,Madonna di Campiglio,Slalom,4,Haugan Timon,M,38,50,Sarah
2023-12-22,Madonna di Campiglio,Slalom,5,Feller Manuel,M,35,45,Simon
2023-12-22,Madonna di Campiglio,Slalom,6,Kristoffersen Henrik,M,32,40,Dominik
2023-12-22,Madonna di Campiglio,Slalom,7,Meillard Loic,M,29,36,Maurus
2023-12-22,Madonna di Campiglio,Slalom,8,Mcgrath Atle Lie,M,26,32,Lea
2023-12-22,Madonna di Campiglio,Slalom,9,Strasser Linus,M,24,29,Lea
2023-12-22,Madonna di Campiglio,Slalom,10,Ginnis Aj,M,22,26,
2023-12-22,Madonna di Campiglio,Slalom,11,Popov Albert,M,20,24,
2023-12-22,Madonna di Campiglio,Slalom,12,Gstrein Fabio,M,19,22,
2023-12-22,Madonna di Campiglio,Slalom,13,Aerni Luca,M,18,20,
2023-12-22,Madonna di Campiglio,Slalom,13,Steen Olsen Alexander,M,18,20,Lea
2023-12-22,Madonna di Campiglio,Slalom,15,Matt Michael,M,16,16,
2023-12-22,Madonna di Campiglio,Slalom,16,Strolz Johannes,M,15,15,
2023-12-22,Madonna di Campiglio,Slalom,17,Zenhaeusern Ramon,M,14,14,Sarah
2023-12-22,Madonna di Campiglio,Slalom,18,Marchant Armand,M,13,13,
2023-12-22,Madonna di Campiglio,Slalom,19,Nef Tanguy,M,12,12,
2023-12-22,Madonna di Campiglio,Slalom,20,Raschner Dominik,M,11,11,
2023-12-22,Madonna di Campiglio,Slalom,21,Tremmel Anton,M,10,10,
2023-12-22,Madonna di Campiglio,Slalom,22,Vinatzer Alex,M,9,9,
2023-12-22,Madonna di Campiglio,Slalom,23,Rochat Marc,M,8,8,
2023-12-22,Madonna di Campiglio,Slalom,24,Desgrippes Hugo,M,7,7,
2023-12-22,Madonna di Campiglio,Slalom,25,Read Erik,M,6,6,
2023-12-22,Madonna di Campiglio,Slalom,26,Rodes Istok,M,5,5,
2023-12-22,Madonna di Campiglio,Slalom,27,Holzmann Sebastian,M,4,4,
2023-12-21,Courchevel,Slalom,1,Vlhova Petra,W,55,100,Maurus
2023-12-21,Courchevel,Slalom,2,Shiffrin Mikaela,W,48,80,Lena
2023-12-21,Courchevel,Slalom,3,Truppe Katharina,W,43,60,
2023-12-21,Courchevel,Slalom,4,Gallhuber Katharina,W,38,50,
2023-12-21,Courchevel,Slalom,5,Moltzan Paula,W,35,45,Sarah
2023-12-21,Courchevel,Slalom,6,Gisin Michelle,W,32,40,Maurus
2023-12-21,Courchevel,Slalom,7,Lysdahl Kristin,W,29,36,
2023-12-21,Courchevel,Slalom,8,Holtmann Mina Fuerst,W,26,32,Lena
2023-12-21,Courchevel,Slalom,8,Popovic Leona,W,26,32,Sarah
2023-12-21,Courchevel,Slalom,10,Slokar Andreja,W,22,26,
2023-12-21,Courchevel,Slalom,11,Huber Katharina,W,20,24,
2023-12-21,Courchevel,Slalom,11,Gritsch Franziska,W,20,24,Simon
2023-12-21,Courchevel,Slalom,13,Stjernesund Thea Louise,W,18,20,Maurus
2023-12-21,Courchevel,Slalom,13,Nullmeyer Ali,W,18,20,
2023-12-21,Courchevel,Slalom,15,Swenn Larsson Anna,W,16,16,
2023-12-21,Courchevel,Slalom,16,Stoffel Elena,W,15,15,
2023-12-21,Courchevel,Slalom,17,Aronsson Elfman Hanna,W,14,14,
2023-12-21,Courchevel,Slalom,18,Liensberger Katharina,W,13,13,Simon
2023-12-21,Courchevel,Slalom,19,Meillard Melanie,W,12,12,
2023-12-21,Courchevel,Slalom,20,Dvornik Neja,W,11,11,
2023-12-21,Courchevel,Slalom,21,Breche Clarisse,W,10,10,
2023-12-21,Courchevel,Slalom,22,Oehlund Cornelia,W,9,9,
2023-12-21,Courchevel,Slalom,23,Good Nicole,W,8,8,
2023-12-21,Courchevel,Slalom,24,Dubovska Martina,W,7,7,
2023-12-21,Courchevel,Slalom,25,Hurt A J,W,6,6,
2023-12-21,Courchevel,Slalom,26,Smart Amelia,W,5,5,
2023-12-18,Alta Badia,Giant Slalom,1,Odermatt Marco,M,55,100,Lea
2023-12-18,Alta Badia,Giant Slalom,2,Schwarz Marco,M,48,80,Lena
2023-12-18,Alta Badia,Giant Slalom,3,Kranjec Zan,M,43,60,Dominik
2023-12-18,Alta Badia,Giant Slalom,4,Zubcic Filip,M,38,50,Maurus
2023-12-18,Alta Badia,Giant Slalom,5,Pinturault Alexis,M,35,45,Maurus
2023-12-18,Alta Badia,Giant Slalom,6,Mcgrath Atle Lie,M,32,40,Lea
2023-12-18,Alta Badia,Giant Slalom,7,Kristoffersen Henrik,M,29,36,Dominik
2023-12-18,Alta Badia,Giant Slalom,8,Meillard Loic,M,26,32,Maurus
2023-12-18,Alta Badia,Giant Slalom,9,Borsotti Giovanni,M,24,29,
2023-12-18,Alta Badia,Giant Slalom,10,Steen Olsen Alexander,M,22,26,Lea
2023-12-18,Alta Badia,Giant Slalom,11,Tumler Thomas,M,20,24,
2023-12-18,Alta Badia,Giant Slalom,12,Schmid Alexander,M,19,22,
2023-12-18,Alta Badia,Giant Slalom,13,Della Vite Filippo,M,18,20,
2023-12-18,Alta Badia,Giant Slalom,14,Radamus River,M,17,18,
2023-12-18,Alta Badia,Giant Slalom,15,Maes Sam,M,16,16,
2023-12-18,Alta Badia,Giant Slalom,16,Caviezel Gino,M,15,15,Sarah
2023-12-18,Alta Badia,Giant Slalom,17,Haugan Timon,M,14,14,Sarah
2023-12-18,Alta Badia,Giant Slalom,18,Feurstein Patrick,M,13,13,
2023-12-18,Alta Badia,Giant Slalom,19,Favrot Thibaut,M,12,12,
2023-12-18,Alta Badia,Giant Slalom,20,Feller Manuel,M,11,11,Simon
2023-12-18,Alta Badia,Giant Slalom,21,Vinatzer Alex,M,10,10,
2023-12-18,Alta Badia,Giant Slalom,22,Crawford James,M,9,9,Melissa
2023-12-18,Alta Badia,Giant Slalom,23,Sturm Joshua,M,8,8,
2023-12-18,Alta Badia,Giant Slalom,24,De Aliprandini Luca,M,7,7,
2023-12-18,Alta Badia,Giant Slalom,25,Murisier Justin,M,6,6,
2023-12-18,Alta Badia,Giant Slalom,26,Roenngren Mattias,M,5,5,
2023-12-18,Alta Badia,Giant Slalom,27,Haaser Raphael,M,4,4,
2023-12-18,Alta Badia,Giant Slalom,28,Anguenot Leo,M,3,3,
2023-12-18,Alta Badia,Giant Slalom,28,Borgnaes Christian,M,3,3,
2023-12-17,Val d'Isere,Super G,1,Brignone Federica,W,55,100,Simon
2023-12-17,Alta Badia,Giant Slalom,1,Odermatt Marco,M,55,100,Lea
2023-12-17,Val d'Isere,Super G,2,Lie Kajsa Vickhoff,W,48,80,Lea
2023-12-17,Alta Badia,Giant Slalom,2,Zubcic Filip,M,48,80,
2023-12-17,Val d'Isere,Super G,3,Goggia Sofia,W,43,60,Dominik
2023-12-17,Alta Badia,Giant Slalom,3,Kranjec Zan,M,43,60,Dominik
2023-12-17,Val d'Isere,Super G,4,Huetter Cornelia,W,38,50,Lena
2023-12-17,Alta Badia,Giant Slalom,4,Schwarz Marco,M,38,50,Lena
2023-12-17,Val d'Isere,Super G,5,Gisin Michelle,W,35,45,Maurus
2023-12-17,Alta Badia,Giant Slalom,5,Verdu Joan,M,35,45,
2023-12-17,Val d'Isere,Super G,6,Haehlen Joana,W,32,40,Lea
2023-12-17,Alta Badia,Giant Slalom,6,Pinturault Alexis,M,32,40,Maurus
2023-12-17,Val d'Isere,Super G,7,Pirovano Laura,W,29,36,
2023-12-17,Alta Badia,Giant Slalom,7,Kristoffersen Henrik,M,29,36,Dominik
2023-12-17,Val d'Isere,Super G,8,Flury Jasmine,W,26,32,Dominik
2023-12-17,Alta Badia,Giant Slalom,8,Brennsteiner Stefan,M,26,32,
2023-12-17,Val d'Isere,Super G,9,Weidle Kira,W,24,29,Melissa
2023-12-17,Alta Badia,Giant Slalom,9,Ford Tommy,M,24,29,
2023-12-17,Val d'Isere,Super G,10,Aicher Emma,W,22,26,Simon
2023-12-17,Alta Badia,Giant Slalom,10,Caviezel Gino,M,22,26,Sarah
2023-12-17,Val d'Isere,Super G,11,Suter Corinne,W,20,24,Dominik
2023-12-17,Alta Badia,Giant Slalom,11,Favrot Thibaut,M,20,24,
2023-12-17,Val d'Isere,Super G,12,Mowinckel Ragnhild,W,19,22,Sarah
2023-12-17,Alta Badia,Giant Slalom,12,Steen Olsen Alexander,M,19,22,Lea
2023-12-17,Val d'Isere,Super G,13,Puchner Mirjam,W,18,20,Dominik
2023-12-17,Alta Badia,Giant Slalom,13,Kilde Aleksander Aamodt,M,18,20,Simon
2023-12-17,Val d'Isere,Super G,14,Ager Christina,W,17,18,
2023-12-17,Alta Badia,Giant Slalom,14,Borsotti Giovanni,M,17,18,
2023-12-17,Val d'Isere,Super G,15,Stuhec Ilka,W,16,16,Lena
2023-12-17,Alta Badia,Giant Slalom,15,Tumler Thomas,M,16,16,
2023-12-17,Val d'Isere,Super G,16,Raedler Ariane,W,15,15,
2023-12-17,Alta Badia,Giant Slalom,16,Meillard Loic,M,15,15,Maurus
2023-12-17,Val d'Isere,Super G,17,Macuga Lauren,W,14,14,
2023-12-17,Alta Badia,Giant Slalom,17,Schmid Alexander,M,14,14,
2023-12-17,Val d'Isere,Super G,18,Wechner Lena,W,13,13,
2023-12-17,Val d'Isere,Super G,18,Miradoli Romane,W,13,13,
2023-12-17,Alta Badia,Giant Slalom,18,Maes Sam,M,13,13,
2023-12-17,Alta Badia,Giant Slalom,19,Vinatzer Alex,M,12,12,
2023-12-17,Val d'Isere,Super G,20,Heider Michaela,W,11,11,
2023-12-17,Alta Badia,Giant Slalom,20,Anguenot Leo,M,11,11,
2023-12-17,Val d'Isere,Super G,21,Melesi Roberta,W,10,10,
2023-12-17,Alta Badia,Giant Slalom,21,Janutin Fadri,M,10,10,
2023-12-17,Val d'Isere,Super G,22,Suter Jasmina,W,9,9,
2023-12-17,Alta Badia,Giant Slalom,22,Faivre Mathieu,M,9,9,
2023-12-17,Val d'Isere,Super G,23,Brunner Stephanie,W,8,8,
2023-12-17,Alta Badia,Giant Slalom,23,Drukarov Andrej,M,8,8,
2023-12-17,Val d'Isere,Super G,24,Runggaldier Teresa,W,7,7,
2023-12-17,Alta Badia,Giant Slalom,24,Zingerle Hannes,M,7,7,
2023-12-17,Val d'Isere,Super G,25,Nufer Priska,W,6,6,
2023-12-17,Alta Badia,Giant Slalom,25,Crawford James,M,6,6,Melissa
2023-12-17,Val d'Isere,Super G,26,Suter Juliana,W,5,5,
2023-12-17,Alta Badia,Giant Slalom,26,Read Erik,M,5,5,
2023-12-17,Val d'Isere,Super G,27,Maier Sabrina,W,4,4,
2023-12-17,Alta Badia,Giant Slalom,27,Muffat-Jeandet Victor,M,4,4,
2023-12-17,Val d'Isere,Super G,28,Cerutti Camille,W,3,3,
2023-12-17,Val d'Isere,Super G,29,Scheyer Christine,W,2,2,
2023-12-17,Val d'Isere,Super G,30,Delago Nicol,W,1,1,
2023-12-16,Val Gardena / Groeden,Downhill,1,Paris Dominik,M,55,100,Dominik
2023-12-16,Val d'Isere,Downhill,1,Flury Jasmine,W,55,100,Dominik
2023-12-16,Val Gardena / Groeden,Downhill,2,Kilde Aleksander Aamodt,M,48,80,Simon
2023-12-16,Val d'Isere,Downhill,2,Haehlen Joana,W,48,80,Lea
2023-12-16,Val Gardena / Groeden,Downhill,3,Bennett Bryce,M,43,60,
2023-12-16,Val d'Isere,Downhill,3,Huetter Cornelia,W,43,60,Lena
2023-12-16,Val Gardena / Groeden,Downhill,4,Sarrazin Cyprien,M,38,50,
2023-12-16,Val d'Isere,Downhill,4,Goggia Sofia,W,38,50,Dominik
2023-12-16,Val Gardena / Groeden,Downhill,5,Crawford James,M,35,45,Melissa
2023-12-16,Val d'Isere,Downhill,5,Stuhec Ilka,W,35,45,Lena
2023-12-16,Val Gardena / Groeden,Downhill,6,Allegre Nils,M,32,40,
2023-12-16,Val d'Isere,Downhill,6,Nufer Priska,W,32,40,
2023-12-16,Val Gardena / Groeden,Downhill,7,Casse Mattia,M,29,36,Maurus
2023-12-16,Val Gardena / Groeden,Downhill,7,Odermatt Marco,M,29,36,Lea
2023-12-16,Val d'Isere,Downhill,7,Raedler Ariane,W,29,36,
2023-12-16,Val d'Isere,Downhill,8,Brignone Federica,W,26,32,Simon
2023-12-16,Val Gardena / Groeden,Downhill,9,Schwarz Marco,M,24,29,Lena
2023-12-16,Val d'Isere,Downhill,9,Suter Corinne,W,24,29,Dominik
2023-12-16,Val Gardena / Groeden,Downhill,10,Hintermann Niels,M,22,26,Lena
2023-12-16,Val d'Isere,Downhill,10,Puchner Mirjam,W,22,26,Dominik
2023-12-16,Val Gardena / Groeden,Downhill,11,Goldberg Jared,M,20,24,
2023-12-16,Val d'Isere,Downhill,11,Gut-Behrami Lara,W,20,24,Melissa
2023-12-16,Val Gardena / Groeden,Downhill,12,Von Allmen Franjo,M,19,22,
2023-12-16,Val d'Isere,Downhill,12,Lie Kajsa Vickhoff,W,19,22,Lea
2023-12-16,Val Gardena / Groeden,Downhill,13,Cochran-Siegle Ryan,M,18,20,Melissa
2023-12-16,Val d'Isere,Downhill,13,Weidle Kira,W,18,20,Melissa
2023-12-16,Val Gardena / Groeden,Downhill,14,Kriechmayr Vincent,M,17,18,Melissa
2023-12-16,Val d'Isere,Downhill,14,Mowinckel Ragnhild,W,17,18,Sarah
2023-12-16,Val Gardena / Groeden,Downhill,15,Alphand Nils,M,16,16,
2023-12-16,Val d'Isere,Downhill,15,Durrer Delia,W,16,16,
2023-12-16,Val Gardena / Groeden,Downhill,16,Muzaton Maxence,M,15,15,
2023-12-16,Val d'Isere,Downhill,16,Ledecka Ester,W,15,15,
2023-12-16,Val Gardena / Groeden,Downhill,17,Striedinger Otmar,M,14,14,
2023-12-16,Val Gardena / Groeden,Downhill,17,Schieder Florian,M,14,14,
2023-12-16,Val d'Isere,Downhill,17,Pirovano Laura,W,14,14,
2023-12-16,Val d'Isere,Downhill,18,Scheyer Christine,W,13,13,
2023-12-16,Val Gardena / Groeden,Downhill,19,Sander Andreas,M,12,12,Simon
2023-12-16,Val d'Isere,Downhill,19,Bassino Marta,W,12,12,Lea
2023-12-16,Val Gardena / Groeden,Downhill,20,Hemetsberger Daniel,M,11,11,Dominik
2023-12-16,Val d'Isere,Downhill,20,Delago Nicol,W,11,11,
2023-12-16,Val d'Isere,Downhill,20,Gisin Michelle,W,11,11,Maurus
2023-12-16,Val Gardena / Groeden,Downhill,21,Innerhofer Christof,M,10,10,
2023-12-16,Val Gardena / Groeden,Downhill,22,Hrobat Miha,M,9,9,
2023-12-16,Val d'Isere,Downhill,22,Gauche Laura,W,9,9,
2023-12-16,Val Gardena / Groeden,Downhill,23,Rogentin Stefan,M,8,8,Lena
2023-12-16,Val d'Isere,Downhill,23,Niederwieser Michelle,W,8,8,
2023-12-16,Val Gardena / Groeden,Downhill,24,Murisier Justin,M,7,7,Sarah
2023-12-16,Val d'Isere,Downhill,24,Aicher Emma,W,7,7,Simon
2023-12-16,Val Gardena / Groeden,Downhill,25,Ferstl Josef,M,6,6,
2023-12-16,Val d'Isere,Downhill,25,Wiles Jacqueline,W,6,6,
2023-12-16,Val Gardena / Groeden,Downhill,26,Dressen Thomas,M,5,5,
2023-12-16,Val d'Isere,Downhill,26,Delago Nadia,W,5,5,
2023-12-16,Val Gardena / Groeden,Downhill,27,Theaux Adrien,M,4,4,
2023-12-16,Val d'Isere,Downhill,27,Fleckenstein Stefanie,W,4,4,
2023-12-16,Val Gardena / Groeden,Downhill,28,Baumann Romed,M,3,3,Lena
2023-12-16,Val d'Isere,Downhill,28,Ager Christina,W,3,3,
2023-12-16,Val Gardena / Groeden,Downhill,29,Lehto Elian,M,2,2,
2023-12-16,Val d'Isere,Downhill,29,Wright Isabella,W,2,2,
2023-12-16,Val Gardena / Groeden,Downhill,30,Negomir Kyle,M,1,1,
2023-12-16,Val d'Isere,Downhill,30,Cashman Keely,W,1,1,
2023-12-15,Val Gardena / Groeden,Super G,1,Kriechmayr Vincent,M,55,100,Melissa
2023-12-15,Val Gardena / Groeden,Super G,2,Hemetsberger Daniel,M,48,80,Dominik
2023-12-15,Val Gardena / Groeden,Super G,3,Odermatt Marco,M,43,60,Lea
2023-12-15,Val Gardena / Groeden,Super G,4,Sarrazin Cyprien,M,38,50,
2023-12-15,Val Gardena / Groeden,Super G,5,Schwarz Marco,M,35,45,Lena
2023-12-15,Val Gardena / Groeden,Super G,6,Crawford James,M,32,40,Melissa
2023-12-15,Val Gardena / Groeden,Super G,7,Alexander Cameron,M,29,36,
2023-12-15,Val Gardena / Groeden,Super G,8,Casse Mattia,M,26,32,Maurus
2023-12-15,Val Gardena / Groeden,Super G,9,Von Allmen Franjo,M,24,29,
2023-12-15,Val Gardena / Groeden,Super G,10,Goldberg Jared,M,22,26,
2023-12-15,Val Gardena / Groeden,Super G,10,Bosca Guglielmo,M,22,26,
2023-12-15,Val Gardena / Groeden,Super G,10,Read Jeffrey,M,22,26,
2023-12-15,Val Gardena / Groeden,Super G,13,Theaux Adrien,M,18,20,
2023-12-15,Val Gardena / Groeden,Super G,14,Bennett Bryce,M,17,18,
2023-12-15,Val Gardena / Groeden,Super G,15,Sejersted Adrian Smiseth,M,16,16,
2023-12-15,Val Gardena / Groeden,Super G,16,Rogentin Stefan,M,15,15,Lena
2023-12-15,Val Gardena / Groeden,Super G,17,Haaser Raphael,M,14,14,
2023-12-15,Val Gardena / Groeden,Super G,18,Dressen Thomas,M,13,13,
2023-12-15,Val Gardena / Groeden,Super G,19,Boisset Arnaud,M,12,12,
2023-12-15,Val Gardena / Groeden,Super G,20,Jocher Simon,M,11,11,
2023-12-15,Val Gardena / Groeden,Super G,21,Moeller Fredrik,M,10,10,
2023-12-15,Val Gardena / Groeden,Super G,22,Alphand Nils,M,9,9,
2023-12-15,Val Gardena / Groeden,Super G,23,Monney Alexis,M,8,8,
2023-12-15,Val Gardena / Groeden,Super G,24,Negomir Kyle,M,7,7,
2023-12-15,Val Gardena / Groeden,Super G,24,Giezendanner Blaise,M,7,7,
2023-12-15,Val Gardena / Groeden,Super G,26,Kohler Marco,M,5,5,
2023-12-15,Val Gardena / Groeden,Super G,26,Cater Martin,M,5,5,
2023-12-15,Val Gardena / Groeden,Super G,28,Baumann Romed,M,3,3,Lena
2023-12-15,Val Gardena / Groeden,Super G,29,Pinturault Alexis,M,2,2,Maurus
2023-12-15,Val Gardena / Groeden,Super G,30,Morse Sam,M,1,1,
2023-12-14,Val Gardena / Groeden,Downhill,1,Bennett Bryce,M,55,100,
2023-12-14,Val Gardena / Groeden,Downhill,2,Kilde Aleksander Aamodt,M,48,80,Simon
2023-12-14,Val Gardena / Groeden,Downhill,3,Odermatt Marco,M,43,60,Lea
2023-12-14,Val Gardena / Groeden,Downhill,4,Allegre Nils,M,38,50,
2023-12-14,Val Gardena / Groeden,Downhill,5,Crawford James,M,35,45,Melissa
2023-12-14,Val Gardena / Groeden,Downhill,6,Babinsky Stefan,M,32,40,
2023-12-14,Val Gardena / Groeden,Downhill,7,Bailet Matthieu,M,29,36,
2023-12-14,Val Gardena / Groeden,Downhill,8,Kohler Marco,M,26,32,
2023-12-14,Val Gardena / Groeden,Downhill,9,Baumann Romed,M,24,29,Lena
2023-12-14,Val Gardena / Groeden,Downhill,10,Alexander Cameron,M,22,26,
2023-12-14,Val Gardena / Groeden,Downhill,11,Paris Dominik,M,20,24,Dominik
2023-12-14,Val Gardena / Groeden,Downhill,12,Innerhofer Christof,M,19,22,
2023-12-14,Val Gardena / Groeden,Downhill,12,Casse Mattia,M,19,22,Maurus
2023-12-14,Val Gardena / Groeden,Downhill,14,Cochran-Siegle Ryan,M,17,18,Melissa
2023-12-14,Val Gardena / Groeden,Downhill,15,Schieder Florian,M,16,16,
2023-12-14,Val Gardena / Groeden,Downhill,15,Ferstl Josef,M,16,16,
2023-12-14,Val Gardena / Groeden,Downhill,17,Kriechmayr Vincent,M,14,14,Melissa
2023-12-14,Val Gardena / Groeden,Downhill,18,Goldberg Jared,M,13,13,
2023-12-14,Val Gardena / Groeden,Downhill,19,Bosca Guglielmo,M,12,12,
2023-12-14,Val Gardena / Groeden,Downhill,20,Zabystran Jan,M,11,11,
2023-12-14,Val Gardena / Groeden,Downhill,21,Rogentin Stefan,M,10,10,Lena
2023-12-14,Val Gardena / Groeden,Downhill,22,Lehto Elian,M,9,9,
2023-12-14,Val Gardena / Groeden,Downhill,23,Read Jeffrey,M,8,8,
2023-12-14,Val Gardena / Groeden,Downhill,23,Muzaton Maxence,M,8,8,
2023-12-14,Val Gardena / Groeden,Downhill,25,Hrobat Miha,M,6,6,
2023-12-14,Val Gardena / Groeden,Downhill,26,Hintermann Niels,M,5,5,Lena
2023-12-14,Val Gardena / Groeden,Downhill,26,Theaux Adrien,M,5,5,
2023-12-14,Val Gardena / Groeden,Downhill,28,Hemetsberger Daniel,M,3,3,Dominik
2023-12-14,Val Gardena / Groeden,Downhill,29,Giezendanner Blaise,M,2,2,
2023-12-14,Val Gardena / Groeden,Downhill,30,Cater Martin,M,1,1,
2023-12-09,St. Moritz,Downhill,1,Shiffrin Mikaela,W,55,100,Lena
2023-12-09,Val d'Isere,Giant Slalom,1,Odermatt Marco,M,55,100,Lea
2023-12-09,St. Moritz,Downhill,2,Goggia Sofia,W,48,80,Dominik
2023-12-09,Val d'Isere,Giant Slalom,2,Schwarz Marco,M,48,80,Lena
2023-12-09,St. Moritz,Downhill,3,Brignone Federica,W,43,60,Simon
2023-12-09,Val d'Isere,Giant Slalom,3,Verdu Joan,M,43,60,
2023-12-09,St. Moritz,Downhill,4,Huetter Cornelia,W,38,50,Lena
2023-12-09,Val d'Isere,Giant Slalom,4,Zubcic Filip,M,38,50,
2023-12-09,St. Moritz,Downhill,5,Puchner Mirjam,W,35,45,Dominik
2023-12-09,Val d'Isere,Giant Slalom,5,Pinturault Alexis,M,35,45,Maurus
2023-12-09,St. Moritz,Downhill,6,Aicher Emma,W,32,40,
2023-12-09,Val d'Isere,Giant Slalom,6,Meillard Loic,M,32,40,Maurus
2023-12-09,St. Moritz,Downhill,7,Venier Stephanie,W,29,36,
2023-12-09,Val d'Isere,Giant Slalom,7,Kranjec Zan,M,29,36,Dominik
2023-12-09,St. Moritz,Downhill,8,Gisin Michelle,W,26,32,Maurus
2023-12-09,Val d'Isere,Giant Slalom,8,Kristoffersen Henrik,M,26,32,Dominik
2023-12-09,St. Moritz,Downhill,9,Weidle Kira,W,24,29,Melissa
2023-12-09,Val d'Isere,Giant Slalom,9,Schmid Alexander,M,24,29,
2023-12-09,St. Moritz,Downhill,10,Bassino Marta,W,22,26,Lea
2023-12-09,Val d'Isere,Giant Slalom,10,Radamus River,M,22,26,
2023-12-09,St. Moritz,Downhill,11,Suter Corinne,W,20,24,Dominik
2023-12-09,Val d'Isere,Giant Slalom,11,Feller Manuel,M,20,24,Simon
2023-12-09,St. Moritz,Downhill,12,Wright Isabella,W,19,22,
2023-12-09,Val d'Isere,Giant Slalom,12,Mcgrath Atle Lie,M,19,22,Lea
2023-12-09,St. Moritz,Downhill,13,Gut-Behrami Lara,W,18,20,Melissa
2023-12-09,Val d'Isere,Giant Slalom,13,Zwischenbrugger Noel,M,18,20,
2023-12-09,St. Moritz,Downhill,14,Stuhec Ilka,W,17,18,Lena
2023-12-09,Val d'Isere,Giant Slalom,14,Vinatzer Alex,M,17,18,
2023-12-09,St. Moritz,Downhill,15,Lie Kajsa Vickhoff,W,16,16,Lea
2023-12-09,Val d'Isere,Giant Slalom,15,Borsotti Giovanni,M,16,16,
2023-12-09,St. Moritz,Downhill,16,Raedler Ariane,W,15,15,
2023-12-09,Val d'Isere,Giant Slalom,16,Feurstein Patrick,M,15,15,
2023-12-09,St. Moritz,Downhill,17,Nufer Priska,W,14,14,
2023-12-09,Val d'Isere,Giant Slalom,17,Zurbruegg Sandro,M,14,14,
2023-12-09,St. Moritz,Downhill,18,Flury Jasmine,W,13,13,Dominik
2023-12-09,Val d'Isere,Giant Slalom,18,Windingstad Rasmus,M,13,13,
2023-12-09,St. Moritz,Downhill,19,Durrer Delia,W,12,12,
2023-12-09,Val d'Isere,Giant Slalom,19,Read Erik,M,12,12,
2023-12-09,St. Moritz,Downhill,20,Delago Nicol,W,11,11,
2023-12-09,Val d'Isere,Giant Slalom,20,Tumler Thomas,M,11,11,
2023-12-09,St. Moritz,Downhill,21,Ager Christina,W,10,10,
2023-12-09,Val d'Isere,Giant Slalom,21,Anguenot Leo,M,10,10,
2023-12-09,St. Moritz,Downhill,22,Ledecka Ester,W,9,9,
2023-12-09,Val d'Isere,Giant Slalom,22,Janutin Fadri,M,9,9,
2023-12-09,St. Moritz,Downhill,23,Gauche Laura,W,8,8,
2023-12-09,Val d'Isere,Giant Slalom,23,Grammel Anton,M,8,8,
2023-12-09,St. Moritz,Downhill,24,Pirovano Laura,W,7,7,
2023-12-09,Val d'Isere,Giant Slalom,24,Moeller Fredrik,M,7,7,
2023-12-09,St. Moritz,Downhill,25,Haehlen Joana,W,6,6,Lea
2023-12-09,Val d'Isere,Giant Slalom,25,Muffat-Jeandet Victor,M,6,6,
2023-12-09,St. Moritz,Downhill,26,Delago Nadia,W,5,5,
2023-12-09,St. Moritz,Downhill,27,Scheyer Christine,W,4,4,
2023-12-09,St. Moritz,Downhill,28,Fleckenstein Stefanie,W,3,3,
2023-12-09,St. Moritz,Downhill,29,Mowinckel Ragnhild,W,2,2,Sarah
2023-12-09,St. Moritz,Downhill,30,Suter Juliana,W,1,1,
2023-12-08,St. Moritz,Super G,1,Goggia Sofia,W,55,100,Dominik
2023-12-08,St. Moritz,Super G,2,Huetter Cornelia,W,48,80,Lena
2023-12-08,St. Moritz,Super G,3,Gut-Behrami Lara,W,43,60,Melissa
2023-12-08,St. Moritz,Super G,4,Shiffrin Mikaela,W,38,50,Lena
2023-12-08,St. Moritz,Super G,5,Brignone Federica,W,35,45,Simon
2023-12-08,St. Moritz,Super G,6,Venier Stephanie,W,32,40,
2023-12-08,St. Moritz,Super G,7,Bassino Marta,W,29,36,Lea
2023-12-08,St. Moritz,Super G,8,Suter Corinne,W,26,32,Dominik
2023-12-08,St. Moritz,Super G,9,Mowinckel Ragnhild,W,24,29,Sarah
2023-12-08,St. Moritz,Super G,10,Puchner Mirjam,W,22,26,Dominik
2023-12-08,St. Moritz,Super G,11,Robinson Alice,W,20,24,Melissa
2023-12-08,St. Moritz,Super G,12,Gauche Laura,W,19,22,
2023-12-08,St. Moritz,Super G,13,Haehlen Joana,W,18,20,Lea
2023-12-08,St. Moritz,Super G,14,Grenier Valerie,W,17,18,Maurus
2023-12-08,St. Moritz,Super G,15,Raedler Ariane,W,16,16,
2023-12-08,St. Moritz,Super G,16,Pirovano Laura,W,15,15,
2023-12-08,St. Moritz,Super G,17,Flury Jasmine,W,14,14,Dominik
2023-12-08,St. Moritz,Super G,18,Lie Kajsa Vickhoff,W,13,13,Lea
2023-12-08,St. Moritz,Super G,19,Ager Christina,W,12,12,
2023-12-08,St. Moritz,Super G,20,Gisin Michelle,W,11,11,Maurus
2023-12-08,St. Moritz,Super G,21,Durrer Delia,W,10,10,
2023-12-08,St. Moritz,Super G,22,Gasienica-Daniel Maryna,W,9,9,
2023-12-08,St. Moritz,Super G,23,Ledecka Ester,W,8,8,
2023-12-08,St. Moritz,Super G,24,Cashman Keely,W,7,7,
2023-12-08,St. Moritz,Super G,25,Fest Nadine,W,6,6,
2023-12-08,St. Moritz,Super G,26,Nufer Priska,W,5,5,
2023-12-08,St. Moritz,Super G,26,Weidle Kira,W,5,5,Melissa
2023-12-08,St. Moritz,Super G,28,Reisinger Elisabeth,W,3,3,
2023-12-08,St. Moritz,Super G,29,Melesi Roberta,W,2,2,
2023-12-08,St. Moritz,Super G,30,Macuga Lauren,W,1,1,
2023-12-03,Tremblant,Giant Slalom,1,Brignone Federica,W,55,100,Simon
2023-12-03,Tremblant,Giant Slalom,2,Gut-Behrami Lara,W,48,80,Melissa
2023-12-03,Tremblant,Giant Slalom,3,Shiffrin Mikaela,W,43,60,Lena
2023-12-03,Tremblant,Giant Slalom,4,Direz Clara,W,38,50,
2023-12-03,Tremblant,Giant Slalom,5,Vlhova Petra,W,35,45,Maurus
2023-12-03,Tremblant,Giant Slalom,6,Grenier Valerie,W,32,40,Maurus
2023-12-03,Tremblant,Giant Slalom,7,Ljutic Zrinka,W,29,36,Lea
2023-12-03,Tremblant,Giant Slalom,8,Bassino Marta,W,26,32,Lea
2023-12-03,Tremblant,Giant Slalom,9,Hurt A J,W,24,29,
2023-12-03,Tremblant,Giant Slalom,10,Goggia Sofia,W,22,26,Dominik
2023-12-03,Tremblant,Giant Slalom,11,Liensberger Katharina,W,20,24,Simon
2023-12-03,Tremblant,Giant Slalom,12,Hector Sara,W,19,22,Melissa
2023-12-03,Tremblant,Giant Slalom,13,Brunner Stephanie,W,18,20,
2023-12-03,Tremblant,Giant Slalom,14,Kappaurer Elisabeth,W,17,18,
2023-12-03,Tremblant,Giant Slalom,15,Moltzan Paula,W,16,16,Sarah
2023-12-03,Tremblant,Giant Slalom,16,Aicher Emma,W,15,15,
2023-12-03,Tremblant,Giant Slalom,17,Gritsch Franziska,W,14,14,Simon
2023-12-03,Tremblant,Giant Slalom,18,Lysdahl Kristin,W,13,13,
2023-12-03,Tremblant,Giant Slalom,19,Loevblom Hilma,W,12,12,
2023-12-03,Tremblant,Giant Slalom,20,Platino Elisa,W,11,11,
2023-12-03,Tremblant,Giant Slalom,21,Melesi Roberta,W,10,10,
2023-12-03,Tremblant,Giant Slalom,22,Holtmann Mina Fuerst,W,9,9,
2023-12-03,Tremblant,Giant Slalom,23,Gisin Michelle,W,8,8,Maurus
2023-12-03,Tremblant,Giant Slalom,24,Gray Cassidy,W,7,7,
2023-12-03,Tremblant,Giant Slalom,25,Stjernesund Thea Louise,W,6,6,Maurus
2023-12-03,Tremblant,Giant Slalom,26,Mowinckel Ragnhild,W,5,5,Sarah
2023-12-03,Tremblant,Giant Slalom,27,Bucik Ana,W,4,4,
2023-12-03,Tremblant,Giant Slalom,28,Luczak Magdalena,W,3,3,
2023-12-03,Tremblant,Giant Slalom,29,Jelinkova Adriana,W,2,2,
2023-12-03,Tremblant,Giant Slalom,30,Pykalainen Erika,W,1,1,
2023-12-02,Tremblant,Giant Slalom,1,Brignone Federica,W,55,100,Simon
2023-12-02,Tremblant,Giant Slalom,2,Vlhova Petra,W,48,80,Maurus
2023-12-02,Tremblant,Giant Slalom,3,Shiffrin Mikaela,W,43,60,Lena
2023-12-02,Tremblant,Giant Slalom,4,Hector Sara,W,38,50,Melissa
2023-12-02,Tremblant,Giant Slalom,5,Gut-Behrami Lara,W,35,45,Melissa
2023-12-02,Tremblant,Giant Slalom,6,Bassino Marta,W,32,40,Lea
2023-12-02,Tremblant,Giant Slalom,7,Goggia Sofia,W,29,36,Dominik
2023-12-02,Tremblant,Giant Slalom,8,Grenier Valerie,W,26,32,Maurus
2023-12-02,Tremblant,Giant Slalom,9,Stjernesund Thea Louise,W,24,29,Maurus
2023-12-02,Tremblant,Giant Slalom,10,Direz Clara,W,22,26,
2023-12-02,Tremblant,Giant Slalom,11,Gritsch Franziska,W,20,24,Simon
2023-12-02,Tremblant,Giant Slalom,12,Robinson Alice,W,19,22,Melissa
2023-12-02,Tremblant,Giant Slalom,13,Moltzan Paula,W,18,20,Sarah
2023-12-02,Tremblant,Giant Slalom,14,Ljutic Zrinka,W,17,18,Lea
2023-12-02,Tremblant,Giant Slalom,15,Richardson Britt,W,16,16,
2023-12-02,Tremblant,Giant Slalom,16,Brunner Stephanie,W,15,15,
2023-12-02,Tremblant,Giant Slalom,16,Liensberger Katharina,W,15,15,Simon
2023-12-02,Tremblant,Giant Slalom,18,Melesi Roberta,W,13,13,
2023-12-02,Tremblant,Giant Slalom,19,Mowinckel Ragnhild,W,12,12,Sarah
2023-12-02,Tremblant,Giant Slalom,20,Scheib Julia,W,11,11,
2023-12-02,Tremblant,Giant Slalom,21,Gasienica-Daniel Maryna,W,10,10,
2023-12-02,Tremblant,Giant Slalom,22,Wild Simone,W,9,9,
2023-12-02,Tremblant,Giant Slalom,23,Truppe Katharina,W,8,8,
2023-12-02,Tremblant,Giant Slalom,24,Gray Cassidy,W,7,7,
2023-12-02,Tremblant,Giant Slalom,25,Lysdahl Kristin,W,6,6,
2023-12-02,Tremblant,Giant Slalom,26,Kappaurer Elisabeth,W,5,5,
2023-12-02,Tremblant,Giant Slalom,27,Holdener Wendy,W,4,4,Lena
2023-11-26,Killington,Slalom,1,Shiffrin Mikaela,W,55,100,Lena
2023-11-26,Killington,Slalom,2,Vlhova Petra,W,48,80,Maurus
2023-11-26,Killington,Slalom,3,Holdener Wendy,W,43,60,Lena
2023-11-26,Killington,Slalom,4,Duerr Lena,W,38,50,Sarah
2023-11-26,Killington,Slalom,5,Rossetti Marta,W,35,45,
2023-11-26,Killington,Slalom,6,Gisin Michelle,W,32,40,Maurus
2023-11-26,Killington,Slalom,7,Slokar Andreja,W,29,36,
2023-11-26,Killington,Slalom,8,Moltzan Paula,W,26,32,Sarah
2023-11-26,Killington,Slalom,9,Hector Sara,W,24,29,Melissa
2023-11-26,Killington,Slalom,10,Ljutic Zrinka,W,22,26,
2023-11-26,Killington,Slalom,11,Huber Katharina,W,20,24,
2023-11-26,Killington,Slalom,12,Rast Camille,W,19,22,
2023-11-26,Killington,Slalom,13,Nullmeyer Ali,W,18,20,
2023-11-26,Killington,Slalom,14,St-Germain Laurence,W,17,18,
2023-11-26,Killington,Slalom,15,Della Mea Lara,W,16,16,
2023-11-26,Killington,Slalom,16,Meillard Melanie,W,15,15,
2023-11-26,Killington,Slalom,17,Truppe Katharina,W,14,14,
2023-11-26,Killington,Slalom,18,Westhoff Bianca Bakke,W,13,13,
2023-11-26,Killington,Slalom,18,Dvornik Neja,W,13,13,
2023-11-26,Killington,Slalom,20,Bucik Ana,W,11,11,Melissa
2023-11-26,Killington,Slalom,21,Gallhuber Katharina,W,10,10,
2023-11-26,Killington,Slalom,22,Gritsch Franziska,W,9,9,Simon
2023-11-26,Killington,Slalom,23,Chevrier Marion,W,8,8,
2023-11-26,Killington,Slalom,24,Swenn Larsson Anna,W,7,7,Lea
2023-11-26,Killington,Slalom,25,Colturi Lara,W,6,6,
2023-11-26,Killington,Slalom,26,Dubovska Martina,W,5,5,
2023-11-26,Killington,Slalom,27,Ando Asa,W,4,4,
2023-11-26,Killington,Slalom,28,Brunner Stephanie,W,3,3,
2023-11-26,Killington,Slalom,29,Stjernesund Thea Louise,W,2,2,Maurus
2023-11-26,Killington,Slalom,30,Popovic Leona,W,1,1,Sarah
2023-11-25,Killington,Giant Slalom,1,Gut-Behrami Lara,W,55,100,Melissa
2023-11-25,Killington,Giant Slalom,2,Robinson Alice,W,48,80,
2023-11-25,Killington,Giant Slalom,3,Shiffrin Mikaela,W,43,60,Lena
2023-11-25,Killington,Giant Slalom,4,Hector Sara,W,38,50,Melissa
2023-11-25,Killington,Giant Slalom,5,Grenier Valerie,W,35,45,Maurus
2023-11-25,Killington,Giant Slalom,6,Brignone Federica,W,32,40,Simon
2023-11-25,Killington,Giant Slalom,7,Scheib Julia,W,29,36,
2023-11-25,Killington,Giant Slalom,8,Moltzan Paula,W,26,32,Sarah
2023-11-25,Killington,Giant Slalom,9,Goggia Sofia,W,24,29,Dominik
2023-11-25,Killington,Giant Slalom,10,Vlhova Petra,W,22,26,Maurus
2023-11-25,Killington,Giant Slalom,11,Liensberger Katharina,W,20,24,Simon
2023-11-25,Killington,Giant Slalom,12,Colturi Lara,W,19,22,
2023-11-25,Killington,Giant Slalom,13,Ljutic Zrinka,W,18,20,
2023-11-25,Killington,Giant Slalom,14,Gisin Michelle,W,17,18,Maurus
2023-11-25,Killington,Giant Slalom,15,Gritsch Franziska,W,16,16,Simon
2023-11-25,Killington,Giant Slalom,16,Holtmann Mina Fuerst,W,15,15,
2023-11-25,Killington,Giant Slalom,17,Luczak Magdalena,W,14,14,
2023-11-25,Killington,Giant Slalom,17,Mowinckel Ragnhild,W,14,14,Sarah
2023-11-25,Killington,Giant Slalom,19,Hurt A J,W,12,12,
2023-11-25,Killington,Giant Slalom,20,Brunner Stephanie,W,11,11,
2023-11-25,Killington,Giant Slalom,21,Bucik Ana,W,10,10,Melissa
2023-11-25,Killington,Giant Slalom,22,Richardson Britt,W,9,9,
2023-11-25,Killington,Giant Slalom,23,Holdener Wendy,W,8,8,Lena
2023-11-25,Killington,Giant Slalom,24,Stjernesund Thea Louise,W,7,7,Maurus
2023-11-25,Killington,Giant Slalom,25,Wild Simone,W,6,6,
2023-11-25,Killington,Giant Slalom,26,Haaser Ricarda,W,5,5,
2023-11-25,Killington,Giant Slalom,27,Direz Clara,W,4,4,
2023-11-25,Killington,Giant Slalom,28,Gasienica-Daniel Maryna,W,3,3,
2023-11-25,Killington,Giant Slalom,29,Alphand Estelle,W,2,2,
2023-11-18,Gurgl,Slalom,1,Feller Manuel,M,55,100,Simon
2023-11-18,Gurgl,Slalom,2,Schwarz Marco,M,48,80,Lena
2023-11-18,Gurgl,Slalom,3,Matt Michael,M,43,60,
2023-11-18,Gurgl,Slalom,4,Ryding Dave,M,38,50,
2023-11-18,Gurgl,Slalom,5,Yule Daniel,M,35,45,Melissa
2023-11-18,Gurgl,Slalom,6,Haugan Timon,M,32,40,Sarah
2023-11-18,Gurgl,Slalom,7,Kristoffersen Henrik,M,29,36,Dominik
2023-11-18,Gurgl,Slalom,8,Gstrein Fabio,M,26,32,
2023-11-18,Gurgl,Slalom,9,Strasser Linus,M,24,29,Lea
2023-11-18,Gurgl,Slalom,10,Popov Albert,M,22,26,
2023-11-18,Gurgl,Slalom,11,Jakobsen Kristoffer,M,20,24,
2023-11-18,Gurgl,Slalom,12,Noel Clement,M,19,22,Simon
2023-11-18,Gurgl,Slalom,13,Kastlunger Tobias,M,18,20,
2023-11-18,Gurgl,Slalom,14,Zubcic Filip,M,17,18,
2023-11-18,Gurgl,Slalom,15,Holzmann Sebastian,M,16,16,
2023-11-18,Gurgl,Slalom,16,Major Billy,M,15,15,
2023-11-18,Gurgl,Slalom,17,Raschner Dominik,M,14,14,
2023-11-18,Gurgl,Slalom,18,Steen Olsen Alexander,M,13,13,Lea
2023-11-18,Gurgl,Slalom,19,Rochat Marc,M,12,12,
2023-11-18,Gurgl,Slalom,20,Nef Tanguy,M,11,11,
2023-11-18,Gurgl,Slalom,20,Aerni Luca,M,11,11,
2023-11-18,Gurgl,Slalom,22,Kolega Samuel,M,9,9,
2023-11-18,Gurgl,Slalom,22,Zenhaeusern Ramon,M,9,9,Sarah
2023-11-18,Gurgl,Slalom,24,Del Campo Juan,M,7,7,
2023-11-18,Gurgl,Slalom,25,Foss-Solevaag Sebastian,M,6,6,
2023-11-18,Gurgl,Slalom,26,Vinatzer Alex,M,5,5,
2023-11-18,Gurgl,Slalom,27,Rueland Simon,M,4,4,
2023-11-12,Levi,Slalom,1,Shiffrin Mikaela,W,55,100,Lena
2023-11-12,Levi,Slalom,2,Popovic Leona,W,48,80,
2023-11-12,Levi,Slalom,3,Duerr Lena,W,43,60,Sarah
2023-11-12,Levi,Slalom,4,Hector Sara,W,38,50,Melissa
2023-11-12,Levi,Slalom,5,Holtmann Mina Fuerst,W,35,45,
2023-11-12,Levi,Slalom,6,Nullmeyer Ali,W,32,40,
2023-11-12,Levi,Slalom,7,St-Germain Laurence,W,29,36,
2023-11-12,Levi,Slalom,8,Liensberger Katharina,W,26,32,Simon
2023-11-12,Levi,Slalom,8,Holdener Wendy,W,26,32,Lena
2023-11-12,Levi,Slalom,10,Ljutic Zrinka,W,22,26,
2023-11-12,Levi,Slalom,11,Huber Katharina,W,20,24,
2023-11-12,Levi,Slalom,12,Peterlini Martina,W,19,22,
2023-11-12,Levi,Slalom,13,Sporer Marie- Therese,W,18,20,
2023-11-12,Levi,Slalom,13,Pogneaux Chiara,W,18,20,
2023-11-12,Levi,Slalom,15,Gisin Michelle,W,16,16,Maurus
2023-11-12,Levi,Slalom,16,Dubovska Martina,W,15,15,
2023-11-12,Levi,Slalom,17,Westhoff Bianca Bakke,W,14,14,
2023-11-12,Levi,Slalom,18,Bucik Ana,W,13,13,Melissa
2023-11-12,Levi,Slalom,19,Alphand Estelle,W,12,12,
2023-11-12,Levi,Slalom,19,Rast Camille,W,12,12,
2023-11-12,Levi,Slalom,21,Good Nicole,W,10,10,
2023-11-12,Levi,Slalom,22,Gallhuber Katharina,W,9,9,
2023-11-12,Levi,Slalom,23,Aicher Emma,W,8,8,
2023-11-12,Levi,Slalom,24,Stjernesund Thea Louise,W,7,7,Maurus
2023-11-12,Levi,Slalom,25,Colturi Lara,W,6,6,
2023-11-12,Levi,Slalom,26,Gritsch Franziska,W,5,5,Simon
2023-11-12,Levi,Slalom,27,Oehlund Cornelia,W,4,4,
2023-11-12,Levi,Slalom,28,Meillard Melanie,W,3,3,
2023-11-12,Levi,Slalom,29,Lingg Charlotte,W,2,2,
2023-11-11,Levi,Slalom,1,Vlhova Petra,W,55,100,Maurus
2023-11-11,Levi,Slalom,2,Duerr Lena,W,48,80,Sarah
2023-11-11,Levi,Slalom,3,Liensberger Katharina,W,43,60,
2023-11-11,Levi,Slalom,4,Shiffrin Mikaela,W,38,50,Lena
2023-11-11,Levi,Slalom,5,Hector Sara,W,35,45,Melissa
2023-11-11,Levi,Slalom,6,Nullmeyer Ali,W,32,40,
2023-11-11,Levi,Slalom,7,Meillard Melanie,W,29,36,
2023-11-11,Levi,Slalom,8,Huber Katharina,W,26,32,
2023-11-11,Levi,Slalom,9,Ljutic Zrinka,W,24,29,
2023-11-11,Levi,Slalom,10,Popovic Leona,W,22,26,Simon
2023-11-11,Levi,Slalom,11,Tviberg Maria Therese,W,20,24,
2023-11-11,Levi,Slalom,12,Holdener Wendy,W,19,22,Lena
2023-11-11,Levi,Slalom,13,Gallhuber Katharina,W,18,20,
2023-11-11,Levi,Slalom,14,Dubovska Martina,W,17,18,
2023-11-11,Levi,Slalom,15,Moltzan Paula,W,16,16,Sarah
2023-11-11,Levi,Slalom,16,Truppe Katharina,W,15,15,
2023-11-11,Levi,Slalom,17,Peterlini Martina,W,14,14,
2023-11-11,Levi,Slalom,18,Rast Camille,W,13,13,
2023-11-11,Levi,Slalom,19,Swenn Larsson Anna,W,12,12,Lea
2023-11-11,Levi,Slalom,20,Holtmann Mina Fuerst,W,11,11,
2023-11-11,Levi,Slalom,21,Gisin Michelle,W,10,10,Maurus
2023-11-11,Levi,Slalom,22,Colturi Lara,W,9,9,
2023-11-11,Levi,Slalom,23,Stjernesund Thea Louise,W,8,8,Maurus
2023-11-11,Levi,Slalom,24,Pogneaux Chiara,W,7,7,
2023-11-11,Levi,Slalom,25,Hoffman Madison,W,6,6,
2023-11-11,Levi,Slalom,26,Della Mea Lara,W,5,5,
2023-11-11,Levi,Slalom,27,Smart Amelia,W,4,4,
2023-10-28,Soelden,Giant Slalom,1,Gut-Behrami Lara,W,55,100,Melissa
2023-10-28,Soelden,Giant Slalom,2,Brignone Federica,W,48,80,Simon
2023-10-28,Soelden,Giant Slalom,3,Vlhova Petra,W,43,60,Maurus
2023-10-28,Soelden,Giant Slalom,4,Hector Sara,W,38,50,Melissa
2023-10-28,Soelden,Giant Slalom,5,Bassino Marta,W,35,45,Lea
2023-10-28,Soelden,Giant Slalom,6,Shiffrin Mikaela,W,32,40,Lena
2023-10-28,Soelden,Giant Slalom,7,Grenier Valerie,W,29,36,Maurus
2023-10-28,Soelden,Giant Slalom,8,Holtmann Mina Fuerst,W,26,32,
2023-10-28,Soelden,Giant Slalom,9,Robinson Alice,W,24,29,Sarah
2023-10-28,Soelden,Giant Slalom,10,Gritsch Franziska,W,22,26,Simon
2023-10-28,Soelden,Giant Slalom,11,Bucik Ana,W,20,24,Melissa
2023-10-28,Soelden,Giant Slalom,11,Moltzan Paula,W,20,24,Sarah
2023-10-28,Soelden,Giant Slalom,13,Gasienica-Daniel Maryna,W,18,20,
2023-10-28,Soelden,Giant Slalom,14,Ljutic Zrinka,W,17,18,
2023-10-28,Soelden,Giant Slalom,14,Brunner Stephanie,W,17,18,
2023-10-28,Soelden,Giant Slalom,16,Goggia Sofia,W,15,15,Dominik
2023-10-28,Soelden,Giant Slalom,17,Meillard Melanie,W,14,14,
2023-10-28,Soelden,Giant Slalom,18,Kappaurer Elisabeth,W,13,13,
2023-10-28,Soelden,Giant Slalom,19,Gisin Michelle,W,12,12,Maurus
2023-10-28,Soelden,Giant Slalom,20,Direz Clara,W,11,11,
2023-10-28,Soelden,Giant Slalom,20,Wild Simone,W,11,11,
2023-10-28,Soelden,Giant Slalom,22,Holdener Wendy,W,9,9,Lena
2023-10-28,Soelden,Giant Slalom,23,Liensberger Katharina,W,8,8,
2023-10-28,Soelden,Giant Slalom,24,Richardson Britt,W,7,7,
2023-10-28,Soelden,Giant Slalom,24,Truppe Katharina,W,7,7,
2023-10-28,Soelden,Giant Slalom,26,Alphand Estelle,W,5,5,
2023-10-28,Soelden,Giant Slalom,27,Stjernesund Thea Louise,W,4,4,Maurus
2023-10-28,Soelden,Giant Slalom,28,Zenere Asja,W,3,3,
2023-10-28,Soelden,Giant Slalom,29,Rast Camille,W,2,2,
2023-10-28,Soelden,Giant Slalom,30,Luczak Magdalena,W,1,1,
